{
    "id": "DW_17746479",
    "tags": [
        "all",
        "train"
    ],
    "mentions": [
        {
            "begin": 191,
            "end": 194,
            "text": "ECB",
            "concept": 1,
            "candidates": [
                "England_and_Wales_Cricket_Board",
                "European_Central_Bank",
                "Block_cipher_mode_of_operation",
                "Europe_Card_Bus",
                "\u00c9cija_Balompi\u00e9",
                "Eastern_Cape_Division",
                "Cricket_Wales",
                "ECB"
            ],
            "scores": [
                0.5243243243243243,
                0.43783783783783786,
                0.021621621621621623,
                0.005405405405405406,
                0.002702702702702703,
                0.002702702702702703,
                0.002702702702702703,
                0.002702702702702703
            ]
        },
        {
            "begin": 303,
            "end": 307,
            "text": "June",
            "concept": 4
        },
        {
            "begin": 334,
            "end": 336,
            "text": "EU",
            "concept": 2,
            "candidates": [
                "European_Union",
                "Europe",
                "List_of_European_records_in_swimming",
                "Eu,_Seine-Maritime",
                "E.U._(TV_series)",
                "European_Hot_100_Singles",
                ".eu",
                "European_Top_100_Albums",
                "Europium",
                "International_Federation_of_the_Phonographic_Industry",
                "United_Left_(Galicia)",
                "Experience_Unlimited",
                "United_Left_of_the_Balearic_Islands",
                "Esquerra_de_Menorca",
                "United_Extremadura",
                "Citizenship_of_the_European_Union"
            ],
            "scores": [
                0.7844269870609981,
                0.066543438077634,
                0.02356746765249538,
                0.015480591497227357,
                0.01432532347504621,
                0.013863216266173753,
                0.013632162661737524,
                0.008086876155268022,
                0.008086876155268022,
                0.006469500924214418,
                0.005545286506469501,
                0.005545286506469501,
                0.004390018484288355,
                0.003234750462107209,
                0.0027726432532347504,
                0.0016173752310536045
            ]
        },
        {
            "begin": 337,
            "end": 354,
            "text": "statistics office",
            "concept": 5
        },
        {
            "begin": 356,
            "end": 364,
            "text": "Eurostat",
            "concept": 3,
            "candidates": [
                "Eurostat",
                "Larger_urban_zone"
            ],
            "scores": [
                0.9976019184652278,
                0.002398081534772182
            ]
        },
        {
            "begin": 373,
            "end": 379,
            "text": "Monday",
            "concept": 6
        },
        {
            "begin": 475,
            "end": 496,
            "text": "European Central Bank",
            "concept": 1,
            "candidates": [
                "European_Central_Bank",
                "List_of_Presidents_of_the_European_Central_Bank"
            ],
            "scores": [
                0.9987228607918263,
                0.001277139208173691
            ]
        },
        {
            "begin": 643,
            "end": 651,
            "text": "Eurostat",
            "concept": 3,
            "candidates": [
                "Eurostat",
                "Larger_urban_zone"
            ],
            "scores": [
                0.9976019184652278,
                0.002398081534772182
            ]
        },
        {
            "begin": 682,
            "end": 685,
            "text": "ECB",
            "concept": 1,
            "candidates": [
                "England_and_Wales_Cricket_Board",
                "European_Central_Bank",
                "Block_cipher_mode_of_operation",
                "Europe_Card_Bus",
                "\u00c9cija_Balompi\u00e9",
                "Eastern_Cape_Division",
                "Cricket_Wales",
                "ECB"
            ],
            "scores": [
                0.5243243243243243,
                0.43783783783783786,
                0.021621621621621623,
                0.005405405405405406,
                0.002702702702702703,
                0.002702702702702703,
                0.002702702702702703,
                0.002702702702702703
            ]
        },
        {
            "begin": 712,
            "end": 716,
            "text": "June",
            "concept": 4
        },
        {
            "begin": 781,
            "end": 798,
            "text": "9.6-trillion euro",
            "concept": 7
        },
        {
            "begin": 800,
            "end": 814,
            "text": "$13.1 trillion",
            "concept": 8
        },
        {
            "begin": 897,
            "end": 900,
            "text": "May",
            "concept": 9
        },
        {
            "begin": 980,
            "end": 983,
            "text": "ECB",
            "concept": 1,
            "candidates": [
                "England_and_Wales_Cricket_Board",
                "European_Central_Bank",
                "Block_cipher_mode_of_operation",
                "Europe_Card_Bus",
                "\u00c9cija_Balompi\u00e9",
                "Eastern_Cape_Division",
                "Cricket_Wales",
                "ECB"
            ],
            "scores": [
                0.5243243243243243,
                0.43783783783783786,
                0.021621621621621623,
                0.005405405405405406,
                0.002702702702702703,
                0.002702702702702703,
                0.002702702702702703,
                0.002702702702702703
            ]
        },
        {
            "begin": 1189,
            "end": 1193,
            "text": "2016",
            "concept": 10
        },
        {
            "begin": 1261,
            "end": 1281,
            "text": "hg/rs (dpa, Reuters)",
            "concept": 11
        }
    ],
    "concepts": [
        {
            "concept": 0,
            "keyword": true,
            "count": 0,
            "tags": []
        },
        {
            "concept": 1,
            "text": "European Central Bank",
            "keyword": true,
            "count": 4,
            "tags": [
                "iptc::11000000",
                "slot::keyword",
                "topic::politics",
                "type::entity",
                "type::igo",
                "type::organization"
            ]
        },
        {
            "concept": 2,
            "text": "EU",
            "keyword": true,
            "count": 1,
            "link": "European_Union",
            "tags": [
                "iptc::11000000",
                "slot::in",
                "slot::keyword",
                "topic::politics",
                "type::entity",
                "type::igo",
                "type::organization",
                "type::so"
            ]
        },
        {
            "concept": 3,
            "text": "Eurostat",
            "keyword": true,
            "count": 2,
            "link": "Eurostat",
            "tags": [
                "iptc::11000000",
                "slot::keyword",
                "topic::politics",
                "type::entity",
                "type::igo",
                "type::organization"
            ]
        },
        {
            "concept": 4,
            "text": "June",
            "keyword": false,
            "count": 2,
            "tags": [
                "topic::none",
                "type::time",
                "type::value"
            ]
        },
        {
            "concept": 5,