{
    "id": "DW_19429511",
    "tags": [
        "all",
        "train"
    ],
    "mentions": [
        {
            "begin": 0,
            "end": 2,
            "text": "UK",
            "concept": 1,
            "candidates": [
                "United_Kingdom",
                "UK_Singles_Chart",
                "UK_Albums_Chart",
                "British_Phonographic_Industry",
                "Official_Charts_Company",
                "U.K._(band)",
                "ISU_Junior_Grand_Prix_in_the_United_Kingdom",
                ".uk",
                "United_Kingdom_of_Great_Britain_and_Ireland",
                "British_Overseas_Territories",
                "List_of_British_films_of_1967",
                "UK_Video_Charts",
                "List_of_British_films_of_1999",
                "List_of_British_films_of_1960",
                "List_of_British_films_of_2003",
                "List_of_British_films_of_1968"
            ],
            "scores": [
                0.5038734184787486,
                0.2370113361050459,
                0.1652857954715401,
                0.029132892650973588,
                0.004875422486764574,
                0.0033798941165913915,
                0.002273203122663237,
                0.0018544551790147458,
                0.0017946340442078186,
                0.001674991774593964,
                0.001256243830945473,
                0.0011366015613316184,
                0.0011066909939281549,
                0.0010468698591212275,
                0.0010169592917177639,
                0.0009870487243143003
            ]
        },
        {
            "begin": 26,
            "end": 33,
            "text": "Britain",
            "concept": 1,
            "candidates": [
                "United_Kingdom",
                "Great_Britain",
                "United_Kingdom_of_Great_Britain_and_Ireland",
                "Roman_Britain",
                "Kingdom_of_Great_Britain",
                "British_Empire",
                "Sub-Roman_Britain",
                "Prehistoric_Britain",
                "British_GAA",
                "Britain_in_the_Middle_Ages",
                "British_Iron_Age",
                "List_of_British_films_of_1959",
                "Early_modern_Britain",
                "List_of_British_films_of_1958",
                "Britain_(place_name)",
                "England"
            ],
            "scores": [
                0.5275754422476587,
                0.2047346514047867,
                0.08220603537981269,
                0.04435483870967742,
                0.04019250780437045,
                0.013527575442247659,
                0.009885535900104058,
                0.006373569198751301,
                0.004032258064516129,
                0.0037721123829344435,
                0.0035119667013527576,
                0.0032518210197710717,
                0.003121748178980229,
                0.0024713839750260145,
                0.002081165452653486,
                0.0015608740894901144
            ]
        },
        {
            "begin": 108,
            "end": 138,
            "text": "Office for National Statistics",
            "concept": 0,
            "candidates": [
                "Office_for_National_Statistics"
            ],
            "scores": [
                1.0
            ]
        },
        {
            "begin": 224,
            "end": 230,
            "text": "Brexit",
            "concept": 2,
            "candidates": [
                "Brexit",
                "United_Kingdom_European_Union_membership_referendum,_2016",
                "Department_for_Exiting_the_European_Union",
                "Brexit_(film)",
                "Aftermath_of_the_United_Kingdom_European_Union_membership_referendum,_2016"
            ],
            "scores": [
                0.9833169774288518,
                0.007850834151128557,
                0.004906771344455349,
                0.002944062806673209,
                0.0009813542688910696
            ]
        },
        {
            "begin": 241,
            "end": 243,
            "text": "UK",
            "concept": 1,
            "candidates": [
                "United_Kingdom",
                "UK_Singles_Chart",
                "UK_Albums_Chart",
                "British_Phonographic_Industry",
                "Official_Charts_Company",
                "U.K._(band)",
                "ISU_Junior_Grand_Prix_in_the_United_Kingdom",
                ".uk",
                "United_Kingdom_of_Great_Britain_and_Ireland",
                "British_Overseas_Territories",
                "List_of_British_films_of_1967",
                "UK_Video_Charts",
                "List_of_British_films_of_1999",
                "List_of_British_films_of_1960",
                "List_of_British_films_of_2003",
                "List_of_British_films_of_1968"
            ],
            "scores": [
                0.5038734184787486,
                0.2370113361050459,
                0.1652857954715401,
                0.029132892650973588,
                0.004875422486764574,
                0.0033798941165913915,
                0.002273203122663237,
                0.0018544551790147458,
                0.0017946340442078186,
                0.001674991774593964,
                0.001256243830945473,
                0.0011366015613316184,
                0.0011066909939281549,
                0.0010468698591212275,
                0.0010169592917177639,
                0.0009870487243143003
            ]
        },
        {
            "begin": 339,
            "end": 353,
            "text": "European Union",
            "concept": 3,
            "candidates": [
                "European_Union",
                "European_Boxing_Union",
                "Member_state_of_the_European_Union",
                "European_Union_(resistance_group)",
                "Citizenship_of_the_European_Union",
                "Renewable_energy_in_the_European_Union",
                "European_Union_law",
                "Accession_of_Albania_to_the_European_Union",
                "Elections_to_the_European_Parliament",
                "Solar_energy_in_the_European_Union",
                "European_Union_Special_Representative",
                "European_Economic_Community",
                "Flag_of_Europe",
                "Pakistan\u2013European_Union_relations",
                "LGBT_rights_in_the_European_Union",
                "History_of_the_European_Union"
            ],
            "scores": [
                0.9873388713835577,
                0.0025207676883414495,
                0.0016614150673159554,
                0.0006301919220853624,
                0.00045832139788026354,
                0.0004010312231452306,
                0.0004010312231452306,
                0.00034374104841019767,
                0.0002864508736751647,
                0.00022916069894013177,
                0.00017187052420509884,
                0.00017187052420509884,
                0.00017187052420509884,
                0.00017187052420509884,
                0.00017187052420509884,
                0.00017187052420509884
            ]
        },
        {
            "begin": 491,
            "end": 495,
            "text": "June",
            "concept": 4
        },
        {
            "begin": 544,
            "end": 574,
            "text": "Office for National Statistics",
            "concept": 0,
            "candidates": [
                "Office_for_National_Statistics"
            ],
            "scores": [
                1.0
            ]
        },
        {
            "begin": 576,
            "end": 579,
            "text": "ONS",
            "concept": 0,