{
    "id": "DW_15944808",
    "tags": [
        "all",
        "train"
    ],
    "mentions": [
        {
            "begin": 0,
            "end": 14,
            "text": "Lake Constance",
            "concept": 0,
            "candidates": [
                "Lake_Constance",
                "Lake_Constance_(New_Zealand)",
                "Obersee_(Lake_Constance)"
            ],
            "scores": [
                0.9951690821256038,
                0.0036231884057971015,
                0.0012077294685990338
            ]
        },
        {
            "begin": 88,
            "end": 92,
            "text": "Alps",
            "concept": 1,
            "candidates": [
                "Alps",
                "Swiss_Alps",
                "Alps_(film)",
                "Alps_Electric",
                "Geology_of_the_Alps",
                "Australian_Alps",
                "Australian_Labor_Party",
                "Alps,_Georgia",
                "French_Alps",
                "Slavic_settlement_of_the_Eastern_Alps",
                "2015_Formula_Renault_2.0_Alps_Series",
                "Amphipathic_lipid_packing_sensor_motifs",
                "Autoimmune_lymphoproliferative_syndrome",
                "Eastern_Alps",
                "Bavarian_Alps",
                "Central_Eastern_Alps"
            ],
            "scores": [
                0.9597523219814241,
                0.020344980097302078,
                0.005970809376382132,
                0.0019902697921273774,
                0.0015479876160990713,
                0.0011057054400707652,
                0.0008845643520566122,
                0.0006634232640424591,
                0.0006634232640424591,
                0.0004422821760283061,
                0.0004422821760283061,
                0.0004422821760283061,
                0.0004422821760283061,
                0.0004422821760283061,
                0.0004422821760283061,
                0.0004422821760283061
            ]
        },
        {
            "begin": 173,
            "end": 187,
            "text": "Lake Constance",
            "concept": 0,
            "candidates": [
                "Lake_Constance",
                "Lake_Constance_(New_Zealand)",
                "Obersee_(Lake_Constance)"
            ],
            "scores": [
                0.9951690821256038,
                0.0036231884057971015,
                0.0012077294685990338
            ]
        },
        {
            "begin": 204,
            "end": 210,
            "text": "German",
            "concept": 3
        },
        {
            "begin": 212,
            "end": 220,
            "text": "Austrian",
            "concept": 4
        },
        {
            "begin": 225,
            "end": 230,
            "text": "Swiss",
            "concept": 5
        },
        {
            "begin": 351,
            "end": 362,
            "text": "Constanceis",
            "concept": 6
        },
        {
            "begin": 513,
            "end": 525,
            "text": "Papal Schism",
            "concept": 7,
            "candidates": [
                "Western_Schism",
                "Papal_election,_1130",
                "Schism"
            ],
            "scores": [
                0.8823529411764706,
                0.08823529411764706,
                0.029411764705882353
            ]
        },
        {
            "begin": 612,
            "end": 622,
            "text": "Romanesque",
            "concept": 8
        },
        {
            "begin": 635,
            "end": 651,
            "text": "Reichenau Island",
            "concept": 9,
            "candidates": [
                "Reichenau_Island"
            ],
            "scores": [
                1.0
            ]
        },
        {
            "begin": 655,
            "end": 661,
            "text": "UNESCO",
            "concept": 10,
            "candidates": [
                "UNESCO",
                "World_Heritage_site",
                "UNESCO_Intangible_Cultural_Heritage_Lists",
                "UNESCO_Goodwill_Ambassador",
                "List_of_Thai_anniversaries_celebrated_in_association_with_UNESCO",
                "UNESCO_Convention_on_the_Means_of_Prohibiting_and_Preventing_the_Illicit_Import,_Export_and_Transfer_of_Ownership_of_Cultural_Property",
                "World_Network_of_Biosphere_Reserves",
                "Endangered_language",
                "Permanent_Delegate_of_Australia_to_UNESCO",
                "Red_Book_of_Endangered_Languages",
                "United_Nations_Economic_and_Social_Council",
                "List_of_World_Heritage_sites_in_the_United_Kingdom",
                "List_of_World_Heritage_sites_in_Serbia"
            ],
            "scores": [
                0.9975304830992437,
                0.0013119308535267788,
                0.0003086896125945362,
                0.0001543448062972681,
                7.717240314863405e-05,
                7.717240314863405e-05,
                7.717240314863405e-05,
                7.717240314863405e-05,
                7.717240314863405e-05,
                7.717240314863405e-05,
                7.717240314863405e-05,
                7.717240314863405e-05,
                7.717240314863405e-05
            ]
        },
        {
            "begin": 662,
            "end": 681,
            "text": "World Heritage Site",
            "concept": 11,
            "candidates": [
                "World_Heritage_site",
                "Gusuku_Sites_and_Related_Properties_of_the_Kingdom_of_Ryukyu",
                "Castles_and_Town_Walls_of_King_Edward_in_Gwynedd",
                "List_of_World_Heritage_sites_in_Russia",
                "List_of_World_Heritage_sites_in_Japan",
                "List_of_World_Heritage_sites_in_Madagascar",
                "List_of_World_Heritage_sites_in_the_United_Kingdom",
                "List_of_World_Heritage_sites_in_Serbia",
                "List_of_World_Heritage_sites_in_Austria",
                "Tropical_Rainforest_Heritage_of_Sumatra",
                "List_of_World_Heritage_sites_in_Croatia",
                "List_of_World_Heritage_sites_of_Poland",
                "List_of_World_Heritage_sites_in_Albania",
                "Lists_of_World_Heritage_sites",
                "List_of_World_Heritage_sites_in_Scotland",
                "List_of_World_Heritage_sites_in_Western_Asia"
            ],
            "scores": [
                0.9839878002287457,
                0.0015249714067861228,
                0.001143728555089592,
                0.0007624857033930614,
                0.0007624857033930614,
                0.0007624857033930614,
                0.0007624857033930614,
                0.000571864277544796,
                0.000571864277544796,
                0.000571864277544796,
                0.000571864277544796,
                0.000571864277544796,
                0.0003812428516965307,
                0.0003812428516965307,
                0.0003812428516965307,
                0.0003812428516965307
            ]
        },
        {
            "begin": 727,
            "end": 733,
            "text": "Mainau",
            "concept": 12,
            "candidates": [
                "Mainau"
            ],
            "scores": [
                1.0
            ]
        },
        {
            "begin": 935,
            "end": 945,
            "text": "Wasserburg",
            "concept": 13,
            "candidates": [
                "Wasserburg_am_Inn",
                "Wasserburg_am_Bodensee",
                "TSV_1880_Wasserburg",
                "Damen-Basketball-Bundesliga",
                "F\u00fchrer_Headquarters_Wasserburg",
                "Gerald_J._Wasserburg",
                "Wasserburg_am_Inn_(district)"
            ],