{
    "id": "DW_17527744",
    "tags": [
        "all",
        "train"
    ],
    "mentions": [
        {
            "begin": 0,
            "end": 3,
            "text": "Ulm",
            "concept": 0,
            "candidates": [
                "Ulm",
                "Ulm_Hauptbahnhof",
                "Battle_of_Ulm",
                "Ulm,_Montana",
                "Ratiopharm_Ulm",
                "Louisiana\u2013Monroe_Warhawks_football",
                "University_of_Louisiana_at_Monroe",
                "SSV_Ulm_1846",
                "Ulm_Campaign",
                "Free_Imperial_City_of_Ulm",
                "Ulm,_Arkansas",
                "Ultralight_aviation",
                "Universal_Music_Group",
                "University_of_Ulm",
                "David_Ulm",
                "Fortress_of_Ulm"
            ],
            "scores": [
                0.820327868852459,
                0.0898360655737705,
                0.022295081967213116,
                0.009836065573770493,
                0.009180327868852459,
                0.007213114754098361,
                0.007213114754098361,
                0.0045901639344262295,
                0.003278688524590164,
                0.003278688524590164,
                0.003278688524590164,
                0.002622950819672131,
                0.002622950819672131,
                0.0019672131147540984,
                0.0013114754098360656,
                0.0013114754098360656
            ]
        },
        {
            "begin": 16,
            "end": 27,
            "text": "Middle Ages",
            "concept": 1,
            "candidates": [
                "Middle_Ages",
                "Middle_Ages_(TV_series)",
                "England_in_the_Middle_Ages",
                "Medieval_music",
                "Scotland_in_the_Middle_Ages",
                "Middle_age",
                "Medievalism",
                "Serbia_in_the_Middle_Ages",
                "Medieval_cuisine",
                "Christianity_in_the_Middle_Ages",
                "Cyprus_in_the_Middle_Ages",
                "Scotland_in_the_High_Middle_Ages",
                "France_in_the_Middle_Ages",
                "Romania_in_the_Middle_Ages",
                "Late_Middle_Ages",
                "High_Middle_Ages"
            ],
            "scores": [
                0.983303730017762,
                0.0021314387211367673,
                0.0020426287744227355,
                0.001953818827708703,
                0.0010657193605683837,
                0.0007104795737122557,
                0.0007104795737122557,
                0.0005328596802841918,
                0.0004440497335701599,
                0.0004440497335701599,
                0.0004440497335701599,
                0.00035523978685612787,
                0.00035523978685612787,
                0.00035523978685612787,
                0.00035523978685612787,
                0.00035523978685612787
            ]
        },
        {
            "begin": 47,
            "end": 58,
            "text": "Ulm Minster",
            "concept": 2,
            "candidates": [
                "Ulm_Minster"
            ],
            "scores": [
                1.0
            ]
        },
        {
            "begin": 278,
            "end": 284,
            "text": "Gothic",
            "concept": 3,
            "candidates": [
                "Gothic_architecture",
                "Gothic_Revival_architecture",
                "Gothic_art",
                "Gothic_language",
                "Gothic_fiction",
                "Goths",
                "Gothic_rock",
                "Goth_subculture",
                "English_Gothic_architecture",
                "Gothic_metal",
                "Gothic_fashion",
                "Gothic_(film)",
                "Gothic_alphabet",
                "Gothic_(video_game)",
                "Blackletter",
                "Gothic_F.C."
            ],
            "scores": [
                0.6022010634351428,
                0.08062322245579324,
                0.06244590082849017,
                0.05799431185853839,
                0.05317175714109064,
                0.03598367750711018,
                0.0223816000989242,
                0.013478422159020651,
                0.012612835414863362,
                0.009397798936564858,
                0.006182762458266353,
                0.005688141461605045,
                0.005564486212439718,
                0.003338691727463831,
                0.0023494497341412144,
                0.0022257944849758873
            ]
        },
        {
            "begin": 301,
            "end": 305,
            "text": "1377",
            "concept": 4
        },
        {
            "begin": 351,
            "end": 365,
            "text": "Roman Catholic",
            "concept": 5
        },
        {
            "begin": 384,
            "end": 394,
            "text": "Protestant",
            "concept": 6
        },
        {
            "begin": 406,
            "end": 417,
            "text": "Reformation",
            "concept": 7,
            "candidates": [
                "Reformation",
                "English_Reformation",
                "Scottish_Reformation",
                "Reformation_in_Denmark\u2013Norway_and_Holstein",
                "Reformation_in_Ireland",
                "Reformation_(The_Wire)",
                "Reformation_in_Switzerland",
                "Reformation_in_Sweden",
                "Reformation_in_Z\u00fcrich",
                "Post-Suharto_era",
                "Reform",
                "Dissolution_of_the_Monasteries",
                "Symphony_No._5_(Mendelssohn)",
                "Reformation_Day",
                "English_Reformation_Parliament",
                "Reformation_(Kiuas_album)"
            ],
            "scores": [
                0.7440151694714388,
                0.12467409338705855,
                0.05475231097416449,
                0.03863474757051434,
                0.01090305759658687,
                0.00711068973690448,
                0.006636643754444181,
                0.002844275894761792,
                0.001422137947380896,
                0.0011851149561507466,
                0.0011851149561507466,
                0.000711068973690448,
                0.000711068973690448,
                0.00047404598246029864,
                0.00047404598246029864,
                0.00047404598246029864
            ]
        },
        {
            "begin": 593,
            "end": 613,
            "text": "Kunsthalle Weishaupt",
            "concept": 8,
            "candidates": [
                "Kunsthalle_Weishaupt"
            ],
            "scores": [
                1.0
            ]
        },
        {
            "begin": 626,
            "end": 629,
            "text": "Ulm",
            "concept": 0,
            "candidates": [
                "Ulm",
                "Ulm_Hauptbahnhof",
                "Battle_of_Ulm",
                "Ulm,_Montana",
                "Ratiopharm_Ulm",
                "Louisiana\u2013Monroe_Warhawks_football",
                "University_of_Louisiana_at_Monroe",
                "SSV_Ulm_1846",
                "Ulm_Campaign",
                "Free_Imperial_City_of_Ulm",
                "Ulm,_Arkansas",
                "Ultralight_aviation",
                "Universal_Music_Group",
                "University_of_Ulm",
                "David_Ulm",
                "Fortress_of_Ulm"
            ],