{
    "id": "DW_19281851",
    "tags": [
        "all",
        "train"
    ],
    "mentions": [
        {
            "begin": 58,
            "end": 66,
            "text": "Thursday",
            "concept": 5
        },
        {
            "begin": 103,
            "end": 109,
            "text": "Bremen",
            "concept": 0,
            "candidates": [
                "Bremen",
                "Bremen_(state)",
                "Archbishopric_of_Bremen",
                "Bremen_Hauptbahnhof",
                "Bremen,_Georgia",
                "Bremen_(aircraft)",
                "Bremen,_Indiana",
                "Bremen,_Maine",
                "SS_Bremen_(1928)",
                "Bremen_Airport",
                "Bremen,_Alabama",
                "SV_Werder_Bremen",
                "Bremen-Verden",
                "Bremen,_Ohio",
                "Bremen_High_School_(Bremen,_Indiana)",
                "Bremen_Township,_Cook_County,_Illinois"
            ],
            "scores": [
                0.8561356707317073,
                0.046684451219512195,
                0.016577743902439025,
                0.014672256097560975,
                0.010670731707317074,
                0.007240853658536586,
                0.006669207317073171,
                0.006097560975609756,
                0.004573170731707317,
                0.0026676829268292685,
                0.002096036585365854,
                0.0019054878048780487,
                0.001714939024390244,
                0.001714939024390244,
                0.001524390243902439,
                0.001524390243902439
            ]
        },
        {
            "begin": 118,
            "end": 162,
            "text": "165th Annual Congress of Homeopathic Doctors",
            "concept": 1,
            "candidates": [],
            "scores": []
        },
        {
            "begin": 248,
            "end": 250,
            "text": "DW",
            "concept": 6,
            "candidates": [
                "Drum_Workshop",
                "Deutsche_Welle",
                "DW-TV",
                "Defender_(association_football)",
                "Dreamworld_(Australian_theme_park)",
                "Data_warehouse",
                "Delhi_Wizards",
                "D.W._Read",
                "DW",
                "Discworld"
            ],
            "scores": [
                0.6717557251908397,
                0.17557251908396945,
                0.03816793893129771,
                0.022900763358778626,
                0.022900763358778626,
                0.022900763358778626,
                0.015267175572519083,
                0.015267175572519083,
                0.007633587786259542,
                0.007633587786259542
            ]
        },
        {
            "begin": 253,
            "end": 267,
            "text": "Fabian Schmidt",
            "concept": 7,
            "candidates": [],
            "scores": []
        },
        {
            "begin": 500,
            "end": 508,
            "text": "Santeria",
            "concept": 2,
            "candidates": [
                "Santer\u00eda",
                "Santeria_(song)",
                "Santeria_(album)"
            ],
            "scores": [
                0.918429003021148,
                0.07250755287009064,
                0.00906344410876133
            ]
        },
        {
            "begin": 525,
            "end": 532,
            "text": "Haitian",
            "concept": 8
        },
        {
            "begin": 879,
            "end": 885,
            "text": "Berlin",
            "concept": 9,
            "candidates": [
                "Berlin",
                "Humboldt_University_of_Berlin",
                "Berlin_(band)",
                "German_Open_(WTA)",
                "Berlin,_New_Hampshire",
                "Berlin_Hauptbahnhof",
                "Olympiastadion_(Berlin)",
                "Berlin,_Connecticut",
                "Berlin_International_Film_Festival",
                "Berlin,_Maryland",
                "Berlin_(Lou_Reed_album)",
                "Berlin,_New_Jersey",
                "Berlin,_Massachusetts",
                "Berlin,_Wisconsin",
                "East_Berlin",
                "Battle_of_Berlin"
            ],
            "scores": [
                0.908549969587179,
                0.02176500145452622,
                0.006717266548541507,
                0.005553645571628805,
                0.004839605426705101,
                0.004310686800835691,
                0.0030412820987491076,
                0.0026710390606405204,
                0.002591701266760109,
                0.002062782640890699,
                0.001428080289847407,
                0.0013222965646735249,
                0.0012429587707931135,
                0.0011371750456192315,
                0.001110729114325761,
                0.001110729114325761
            ]
        },
        {
            "begin": 908,
            "end": 914,
            "text": "doctor",
            "concept": 10
        },
        {
            "begin": 915,
            "end": 929,
            "text": "Rudolf Virchow",
            "concept": 3,
            "candidates": [
                "Rudolf_Virchow"
            ],
            "scores": [
                1.0
            ]
        },
        {
            "begin": 1175,
            "end": 1182,
            "text": "Virchow",
            "concept": 3,
            "candidates": [
                "Rudolf_Virchow",
                "Virchow_(crater)"
            ],
            "scores": [
                0.9545454545454546,
                0.045454545454545456
            ]
        },
        {
            "begin": 1221,
            "end": 1232,
            "text": "Robert Koch",
            "concept": 4,
            "candidates": [
                "Robert_Koch",
                "Robert_Koch_(film)",
                "Robert_Koch_(footballer)"
            ],
            "scores": [
                0.8673469387755102,
                0.11734693877551021,
                0.015306122448979591
            ]
        },
        {
            "begin": 2024,
            "end": 2034,
            "text": "Napoleonic",
            "concept": 11,
            "candidates": [
                "Napoleon",
                "Napoleonic_Wars",
                "Napoleonic_era",
                "First_French_Empire",
                "Napoleonic_Code",
                "Kingdom_of_Italy_(Napoleonic)",
                "Napoleonic_(Faberg\u00e9_egg)",
                "Grande_Arm\u00e9e",
                "Kingdom_of_Spain_under_Joseph_Bonaparte",
                "French_invasion_of_Russia",
                "Nobility_of_the_First_French_Empire",
                "Napoleone",
                "Bonapartism",
                "Napoleon_III",
                "French_and_British_interregnum_in_the_Dutch_East_Indies",
                "Napoleonic_weaponry_and_warfare"
            ],
            "scores": [
                0.819377990430622,
                0.1255980861244019,
                0.0215311004784689,
                0.01076555023923445,
                0.005980861244019139,
                0.0023923444976076554,
                0.0023923444976076554,
                0.0011961722488038277,
                0.0011961722488038277,
                0.0011961722488038277,
                0.0011961722488038277,
                0.0011961722488038277,
                0.0011961722488038277,
                0.0011961722488038277,
                0.0011961722488038277,
                0.0011961722488038277
            ]
        }
    ],
    "concepts": [
        {
            "concept": 0,
            "text": "Bremen",
            "keyword": true,
            "count": 1,
            "link": "Bremen",