{
    "id": "DW_16893273",
    "tags": [
        "all",
        "test"
    ],
    "mentions": [
        {
            "begin": 0,
            "end": 2,
            "text": "UK",
            "concept": 0,
            "candidates": [
                "United_Kingdom",
                "UK_Singles_Chart",
                "UK_Albums_Chart",
                "British_Phonographic_Industry",
                "Official_Charts_Company",
                "U.K._(band)",
                "ISU_Junior_Grand_Prix_in_the_United_Kingdom",
                ".uk",
                "United_Kingdom_of_Great_Britain_and_Ireland",
                "British_Overseas_Territories",
                "List_of_British_films_of_1967",
                "UK_Video_Charts",
                "List_of_British_films_of_1999",
                "List_of_British_films_of_1960",
                "List_of_British_films_of_2003",
                "List_of_British_films_of_1968"
            ],
            "scores": [
                0.5038734184787486,
                0.2370113361050459,
                0.1652857954715401,
                0.029132892650973588,
                0.004875422486764574,
                0.0033798941165913915,
                0.002273203122663237,
                0.0018544551790147458,
                0.0017946340442078186,
                0.001674991774593964,
                0.001256243830945473,
                0.0011366015613316184,
                0.0011066909939281549,
                0.0010468698591212275,
                0.0010169592917177639,
                0.0009870487243143003
            ]
        },
        {
            "begin": 59,
            "end": 66,
            "text": "British",
            "concept": 3
        },
        {
            "begin": 287,
            "end": 289,
            "text": "UK",
            "concept": 0,
            "candidates": [
                "United_Kingdom",
                "UK_Singles_Chart",
                "UK_Albums_Chart",
                "British_Phonographic_Industry",
                "Official_Charts_Company",
                "U.K._(band)",
                "ISU_Junior_Grand_Prix_in_the_United_Kingdom",
                ".uk",
                "United_Kingdom_of_Great_Britain_and_Ireland",
                "British_Overseas_Territories",
                "List_of_British_films_of_1967",
                "UK_Video_Charts",
                "List_of_British_films_of_1999",
                "List_of_British_films_of_1960",
                "List_of_British_films_of_2003",
                "List_of_British_films_of_1968"
            ],
            "scores": [
                0.5038734184787486,
                0.2370113361050459,
                0.1652857954715401,
                0.029132892650973588,
                0.004875422486764574,
                0.0033798941165913915,
                0.002273203122663237,
                0.0018544551790147458,
                0.0017946340442078186,
                0.001674991774593964,
                0.001256243830945473,
                0.0011366015613316184,
                0.0011066909939281549,
                0.0010468698591212275,
                0.0010169592917177639,
                0.0009870487243143003
            ]
        },
        {
            "begin": 292,
            "end": 337,
            "text": "Parliamentary Commission on Banking Standards",
            "concept": 1,
            "candidates": [],
            "scores": []
        },
        {
            "begin": 345,
            "end": 354,
            "text": "Wednesday",
            "concept": 4
        },
        {
            "begin": 360,
            "end": 367,
            "text": "Britain",
            "concept": 0,
            "candidates": [
                "United_Kingdom",
                "Great_Britain",
                "United_Kingdom_of_Great_Britain_and_Ireland",
                "Roman_Britain",
                "Kingdom_of_Great_Britain",
                "British_Empire",
                "Sub-Roman_Britain",
                "Prehistoric_Britain",
                "British_GAA",
                "Britain_in_the_Middle_Ages",
                "British_Iron_Age",
                "List_of_British_films_of_1959",
                "Early_modern_Britain",
                "List_of_British_films_of_1958",
                "Britain_(place_name)",
                "England"
            ],
            "scores": [
                0.5275754422476587,
                0.2047346514047867,
                0.08220603537981269,
                0.04435483870967742,
                0.04019250780437045,
                0.013527575442247659,
                0.009885535900104058,
                0.006373569198751301,
                0.004032258064516129,
                0.0037721123829344435,
                0.0035119667013527576,
                0.0032518210197710717,
                0.003121748178980229,
                0.0024713839750260145,
                0.002081165452653486,
                0.0015608740894901144
            ]
        },
        {
            "begin": 799,
            "end": 804,
            "text": "Libor",
            "concept": 5
        },
        {
            "begin": 919,
            "end": 923,
            "text": "2008",
            "concept": 6
        },
        {
            "begin": 1042,
            "end": 1054,
            "text": "Conservative",
            "concept": 7,
            "candidates": [
                "Conservative_Party_(UK)",
                "Conservative_Party_of_Canada_(1867\u20131942)",
                "Conservatism",
                "Conservative_Party_of_Canada",
                "Progressive_Conservative_Party_of_Ontario",
                "Conservatism_in_the_United_States",
                "Conservative_Party_of_Quebec_(historical)",
                "Progressive_Conservative_Party_of_Prince_Edward_Island",
                "British_Columbia_Conservative_Party",
                "Progressive_Conservative_Party_of_Manitoba",
                "Conservative_Judaism",
                "Progressive_Conservative_Party_of_Saskatchewan",
                "Conservative_Party_of_New_York_State",
                "Progressive_Conservative_Association_of_Alberta",
                "Conservative_Party_(Norway)",
                "Progressive_Conservative_Association_of_Nova_Scotia"
            ],
            "scores": [
                0.5262767654526255,
                0.10063585503403959,
                0.0807064057339295,
                0.051632327499045096,
                0.041027254139798235,
                0.028871862853034353,
                0.020648437324465814,
                0.017300649336059497,
                0.016896218572359404,
                0.016761408317792707,
                0.011301593007841464,
                0.009931022086413372,
                0.00829083065585189,
                0.0071898802435571936,
                0.007122475116273844,
                0.006381018716157009
            ]
        },
        {
            "begin": 1061,
            "end": 1069,
            "text": "lawmaker",
            "concept": 8
        },
        {
            "begin": 1070,
            "end": 1082,
            "text": "Andrew Tyrie",
            "concept": 9,
            "candidates": [
                "Andrew_Tyrie"
            ],
            "scores": [
                1.0
            ]
        },
        {
            "begin": 1084,
            "end": 1087,
            "text": "RBS",
            "concept": 2,