{
    "id": "DW_17759775",
    "tags": [
        "all",
        "train"
    ],
    "mentions": [
        {
            "begin": 0,
            "end": 4,
            "text": "NATO",
            "concept": 0,
            "candidates": [
                "NATO",
                "NATO_reporting_name",
                "NATO_summit",
                "Ranks_and_insignia_of_NATO_navies_enlisted",
                "NATO_(album)",
                "International_Security_Assistance_Force",
                "Ranks_and_insignia_of_NATO_armies_enlisted",
                "Nato_wood",
                "N.A.T.o._(singer)",
                "Enlargement_of_NATO",
                ".nato",
                "2002_Prague_summit",
                "Army_officer_ranks",
                "Ukraine\u2013NATO_relations",
                "Ranks_and_insignia_of_NATO_navies'_officers",
                "United_States_Permanent_Representative_to_NATO"
            ],
            "scores": [
                0.9870747006272572,
                0.0028511689792815056,
                0.0012355065576886524,
                0.001045428625736552,
                0.0009503896597605018,
                0.0009503896597605018,
                0.0007603117278084015,
                0.0005702337958563011,
                0.00038015586390420075,
                0.00038015586390420075,
                0.00038015586390420075,
                0.00028511689792815053,
                0.00028511689792815053,
                0.00028511689792815053,
                0.00028511689792815053,
                0.00028511689792815053
            ]
        },
        {
            "begin": 54,
            "end": 58,
            "text": "NATO",
            "concept": 0,
            "candidates": [
                "NATO",
                "NATO_reporting_name",
                "NATO_summit",
                "Ranks_and_insignia_of_NATO_navies_enlisted",
                "NATO_(album)",
                "International_Security_Assistance_Force",
                "Ranks_and_insignia_of_NATO_armies_enlisted",
                "Nato_wood",
                "N.A.T.o._(singer)",
                "Enlargement_of_NATO",
                ".nato",
                "2002_Prague_summit",
                "Army_officer_ranks",
                "Ukraine\u2013NATO_relations",
                "Ranks_and_insignia_of_NATO_navies'_officers",
                "United_States_Permanent_Representative_to_NATO"
            ],
            "scores": [
                0.9870747006272572,
                0.0028511689792815056,
                0.0012355065576886524,
                0.001045428625736552,
                0.0009503896597605018,
                0.0009503896597605018,
                0.0007603117278084015,
                0.0005702337958563011,
                0.00038015586390420075,
                0.00038015586390420075,
                0.00038015586390420075,
                0.00028511689792815053,
                0.00028511689792815053,
                0.00028511689792815053,
                0.00028511689792815053,
                0.00028511689792815053
            ]
        },
        {
            "begin": 59,
            "end": 76,
            "text": "Secretary General",
            "concept": 4
        },
        {
            "begin": 77,
            "end": 98,
            "text": "Anders Fogh Rasmussen",
            "concept": 1,
            "candidates": [
                "Anders_Fogh_Rasmussen"
            ],
            "scores": [
                1.0
            ]
        },
        {
            "begin": 99,
            "end": 120,
            "text": "Anders Fogh Rasmussen",
            "concept": 1,
            "candidates": [
                "Anders_Fogh_Rasmussen"
            ],
            "scores": [
                1.0
            ]
        },
        {
            "begin": 164,
            "end": 168,
            "text": "NATO",
            "concept": 0,
            "candidates": [
                "NATO",
                "NATO_reporting_name",
                "NATO_summit",
                "Ranks_and_insignia_of_NATO_navies_enlisted",
                "NATO_(album)",
                "International_Security_Assistance_Force",
                "Ranks_and_insignia_of_NATO_armies_enlisted",
                "Nato_wood",
                "N.A.T.o._(singer)",
                "Enlargement_of_NATO",
                ".nato",
                "2002_Prague_summit",
                "Army_officer_ranks",
                "Ukraine\u2013NATO_relations",
                "Ranks_and_insignia_of_NATO_navies'_officers",
                "United_States_Permanent_Representative_to_NATO"
            ],
            "scores": [
                0.9870747006272572,
                0.0028511689792815056,
                0.0012355065576886524,
                0.001045428625736552,
                0.0009503896597605018,
                0.0009503896597605018,
                0.0007603117278084015,
                0.0005702337958563011,
                0.00038015586390420075,
                0.00038015586390420075,
                0.00038015586390420075,
                0.00028511689792815053,
                0.00028511689792815053,
                0.00028511689792815053,
                0.00028511689792815053,
                0.00028511689792815053
            ]
        },
        {
            "begin": 169,
            "end": 186,
            "text": "Secretary General",
            "concept": 4
        },
        {
            "begin": 192,
            "end": 198,
            "text": "Danish",
            "concept": 2
        },
        {
            "begin": 319,
            "end": 325,
            "text": "Russia",
            "concept": 3,
            "candidates": [
                "Russia",
                "Russian_Empire",
                "Russia_national_football_team",
                "Russia_men's_national_ice_hockey_team",
                "Russia_men's_national_junior_ice_hockey_team",
                "Tsardom_of_Russia",
                "Russia_national_rugby_union_team",
                "Russian_Soviet_Federative_Socialist_Republic",
                "Russian_Football_Union",
                "Russia_women's_national_football_team",
                "Russia_national_basketball_team",
                "Russia_national_rugby_league_team",
                "Russia_Fed_Cup_team",
                "Russia_national_cerebral_palsy_football_team",
                "Russia_national_handball_team",
                "Russia_Davis_Cup_team"
            ],
            "scores": [
                0.8853767560664112,
                0.0258301404853129,
                0.013872924648786717,
                0.00576309067688378,
                0.0034323116219667944,
                0.002921455938697318,
                0.002825670498084291,
                0.0027298850574712643,
                0.002426564495530013,
                0.0018997445721583653,
                0.0017879948914431673,
                0.0015006385696040869,
                0.0014367816091954023,
                0.00140485312899106,
                0.0011334610472541508,
                0.0009418901660280971
            ]
        },
        {
            "begin": 338,
            "end": 342,
            "text": "NATO",
            "concept": 0,