{
    "id": "DW_19185804",
    "tags": [
        "all",
        "train"
    ],
    "mentions": [
        {
            "begin": 0,
            "end": 10,
            "text": "B\u00f6hmermann",
            "concept": 0,
            "candidates": [
                "Jan_B\u00f6hmermann"
            ],
            "scores": [
                1.0
            ]
        },
        {
            "begin": 18,
            "end": 24,
            "text": "German",
            "concept": 5
        },
        {
            "begin": 91,
            "end": 98,
            "text": "Germany",
            "concept": 3,
            "candidates": [
                "Germany",
                "Germany_national_football_team",
                "Nazi_Germany",
                "German_Empire",
                "Germany_women's_national_football_team",
                "Weimar_Republic",
                "German_Football_Association",
                "ISU_Junior_Grand_Prix_in_Germany",
                "GfK_Entertainment_Charts",
                "Germany_national_youth_football_team",
                "A1_Team_Germany",
                "Germany_national_rugby_union_team",
                "Kingdom_of_Germany",
                "German_literature",
                "Germany_men's_national_ice_hockey_team",
                "Same-sex_marriage_in_Germany"
            ],
            "scores": [
                0.8841501713834503,
                0.0200455826140014,
                0.011772517631857582,
                0.010686790014895106,
                0.00405577589146313,
                0.0039570733808301775,
                0.0036430199379071477,
                0.0035802092493225418,
                0.0019561043016348726,
                0.0017228074583206217,
                0.0015792401701272365,
                0.0013549162823250722,
                0.0013549162823250722,
                0.001211348994131687,
                0.0011575112610591677,
                0.001148538305547081
            ]
        },
        {
            "begin": 136,
            "end": 142,
            "text": "Turkey",
            "concept": 2,
            "candidates": [
                "Turkey",
                "Turkey_national_football_team",
                "Turkey_(bird)",
                "Basketbol_S\u00fcper_Ligi",
                "Turkish_Football_Federation",
                "Turkey_as_food",
                "Ottoman_Empire",
                "Wild_turkey",
                "Turkey_national_basketball_team",
                "ISU_Junior_Grand_Prix_in_Turkey",
                "Domestic_turkey",
                "Turkey_national_under-21_football_team",
                "Turkey_Fed_Cup_team",
                "Turkey_national_under-19_football_team",
                "Turkey_women's_national_football_team",
                "Turkey_women's_national_volleyball_team"
            ],
            "scores": [
                0.9078307230923026,
                0.025413750971898255,
                0.007175385982450294,
                0.0043763190047761856,
                0.004243030101077419,
                0.003754304120848606,
                0.003043429967788515,
                0.002488059535710319,
                0.002132622459180273,
                0.002021548372764634,
                0.0017771853826502276,
                0.0012218149505720316,
                0.0009552371431744974,
                0.000866377874041986,
                0.0007997334221926024,
                0.0007997334221926024
            ]
        },
        {
            "begin": 145,
            "end": 154,
            "text": "President",
            "concept": 6
        },
        {
            "begin": 155,
            "end": 162,
            "text": "Erdogan",
            "concept": 4,
            "candidates": [
                "Recep_Tayyip_Erdo\u011fan",
                "Azize_Erdo\u011fan",
                "Erdo\u011fan_Ar\u0131ca",
                "Yusuf_Erdo\u011fan",
                "\u00d6mer_Erdo\u011fan"
            ],
            "scores": [
                0.9642857142857143,
                0.011904761904761904,
                0.011904761904761904,
                0.005952380952380952,
                0.005952380952380952
            ]
        },
        {
            "begin": 164,
            "end": 170,
            "text": "German",
            "concept": 5
        },
        {
            "begin": 171,
            "end": 179,
            "text": "comedian",
            "concept": 7
        },
        {
            "begin": 180,
            "end": 194,
            "text": "Jan B\u00f6hmermann",
            "concept": 0,
            "candidates": [
                "Jan_B\u00f6hmermann"
            ],
            "scores": [
                1.0
            ]
        },
        {
            "begin": 273,
            "end": 280,
            "text": "Germany",
            "concept": 3,
            "candidates": [
                "Germany",
                "Germany_national_football_team",
                "Nazi_Germany",
                "German_Empire",
                "Germany_women's_national_football_team",
                "Weimar_Republic",
                "German_Football_Association",
                "ISU_Junior_Grand_Prix_in_Germany",
                "GfK_Entertainment_Charts",
                "Germany_national_youth_football_team",
                "A1_Team_Germany",
                "Germany_national_rugby_union_team",
                "Kingdom_of_Germany",
                "German_literature",
                "Germany_men's_national_ice_hockey_team",
                "Same-sex_marriage_in_Germany"
            ],
            "scores": [
                0.8841501713834503,
                0.0200455826140014,
                0.011772517631857582,
                0.010686790014895106,
                0.00405577589146313,
                0.0039570733808301775,
                0.0036430199379071477,
                0.0035802092493225418,
                0.0019561043016348726,
                0.0017228074583206217,
                0.0015792401701272365,
                0.0013549162823250722,
                0.0013549162823250722,
                0.001211348994131687,
                0.0011575112610591677,
                0.001148538305547081
            ]
        },
        {
            "begin": 289,
            "end": 292,
            "text": "ZDF",
            "concept": 8,
            "candidates": [
                "ZDF"
            ],
            "scores": [
                1.0
            ]
        },
        {
            "begin": 293,
            "end": 308,
            "text": "television show",
            "concept": 9
        },
        {
            "begin": 311,
            "end": 329,
            "text": "Neo Magazin Royale",
            "concept": 1,
            "candidates": [
                "Neo_Magazin_Royale"
            ],
            "scores": [
                1.0
            ]
        },
        {
            "begin": 332,
            "end": 346,
            "text": "Jan B\u00f6hmermann",
            "concept": 0,
            "candidates": [
                "Jan_B\u00f6hmermann"
            ],
            "scores": [
                1.0
            ]
        },
        {
            "begin": 413,
            "end": 420,
            "text": "Turkish",
            "concept": 10
        },
        {
            "begin": 421,
            "end": 430,
            "text": "President",
            "concept": 6
        },
        {
            "begin": 431,
            "end": 451,
            "text": "Recep Tayyip Erdogan",
            "concept": 4,
            "candidates": [
                "Recep_Tayyip_Erdo\u011fan",
                "Recep_Tayyip_Erdo\u011fan_Stadium"
            ],
            "scores": [
                0.9993535875888817,
                0.0006464124111182935
            ]
        },
        {
            "begin": 490,
            "end": 496,
            "text": "Turkey",