{
    "id": "DW_16558185",
    "tags": [
        "all",
        "train"
    ],
    "mentions": [
        {
            "begin": 0,
            "end": 7,
            "text": "Gogarty",
            "concept": 2,
            "candidates": [
                "Oliver_St._John_Gogarty"
            ],
            "scores": [
                1.0
            ]
        },
        {
            "begin": 19,
            "end": 27,
            "text": "Guinness",
            "concept": 1,
            "candidates": [
                "Guinness",
                "Guinness_World_Records",
                "Guinness_Brewery",
                "Guinness_family",
                "Walter_Guinness,_1st_Baron_Moyne",
                "Rupert_Guinness,_2nd_Earl_of_Iveagh",
                "Diageo",
                "Alec_Guinness",
                "Gu\u00eenes",
                "Guinness_Draught",
                "St_James_Gaels_GAA",
                "Guinness_Nigeria",
                "Loel_Guinness_(politician)",
                "Guinness_Records_(record_label)",
                "Bryan_Guinness,_2nd_Baron_Moyne",
                "Guinness_World_Records_Gamer's_Edition"
            ],
            "scores": [
                0.8619102416570771,
                0.0759493670886076,
                0.026467203682393557,
                0.01611047180667434,
                0.0023014959723820483,
                0.0023014959723820483,
                0.0023014959723820483,
                0.0023014959723820483,
                0.0011507479861910242,
                0.0011507479861910242,
                0.0011507479861910242,
                0.0011507479861910242,
                0.0011507479861910242,
                0.0011507479861910242,
                0.0011507479861910242,
                0.0011507479861910242
            ]
        },
        {
            "begin": 74,
            "end": 85,
            "text": "John Howard",
            "concept": 0,
            "candidates": [
                "John_Howard",
                "John_Howard_(American_actor)",
                "John_Howard_(Australian_actor)",
                "John_Howard_(fighter)",
                "John_Howard_(prison_reformer)",
                "John_Howard_(cyclist)",
                "John_Howard_(sprinter)",
                "John_Howard_(British_Army_officer)",
                "John_Howard_(singer-songwriter)",
                "John_Howard,_1st_Duke_of_Norfolk",
                "John_Howard_(lacrosse)",
                "John_Howard_(athlete)",
                "John_Howard_(Southampton_Test_MP)",
                "John_George_Howard",
                "John_Howard_(NIOSH_director)",
                "John_Howard_(author)"
            ],
            "scores": [
                0.7277603933839965,
                0.06794814483683505,
                0.042914617791685296,
                0.041573535985695124,
                0.03620920876173447,
                0.016540008940545373,
                0.014304872597228431,
                0.012069736253911488,
                0.009387572641931158,
                0.005364327223960662,
                0.002682163611980331,
                0.002682163611980331,
                0.002682163611980331,
                0.002235136343316942,
                0.002235136343316942,
                0.0013410818059901655
            ]
        },
        {
            "begin": 241,
            "end": 249,
            "text": "Guinness",
            "concept": 1,
            "candidates": [
                "Guinness",
                "Guinness_World_Records",
                "Guinness_Brewery",
                "Guinness_family",
                "Walter_Guinness,_1st_Baron_Moyne",
                "Rupert_Guinness,_2nd_Earl_of_Iveagh",
                "Diageo",
                "Alec_Guinness",
                "Gu\u00eenes",
                "Guinness_Draught",
                "St_James_Gaels_GAA",
                "Guinness_Nigeria",
                "Loel_Guinness_(politician)",
                "Guinness_Records_(record_label)",
                "Bryan_Guinness,_2nd_Baron_Moyne",
                "Guinness_World_Records_Gamer's_Edition"
            ],
            "scores": [
                0.8619102416570771,
                0.0759493670886076,
                0.026467203682393557,
                0.01611047180667434,
                0.0023014959723820483,
                0.0023014959723820483,
                0.0023014959723820483,
                0.0023014959723820483,
                0.0011507479861910242,
                0.0011507479861910242,
                0.0011507479861910242,
                0.0011507479861910242,
                0.0011507479861910242,
                0.0011507479861910242,
                0.0011507479861910242,
                0.0011507479861910242
            ]
        },
        {
            "begin": 653,
            "end": 661,
            "text": "Guinness",
            "concept": 1,
            "candidates": [
                "Guinness",
                "Guinness_World_Records",
                "Guinness_Brewery",
                "Guinness_family",
                "Walter_Guinness,_1st_Baron_Moyne",
                "Rupert_Guinness,_2nd_Earl_of_Iveagh",
                "Diageo",
                "Alec_Guinness",
                "Gu\u00eenes",
                "Guinness_Draught",
                "St_James_Gaels_GAA",
                "Guinness_Nigeria",
                "Loel_Guinness_(politician)",
                "Guinness_Records_(record_label)",
                "Bryan_Guinness,_2nd_Baron_Moyne",
                "Guinness_World_Records_Gamer's_Edition"
            ],
            "scores": [
                0.8619102416570771,
                0.0759493670886076,
                0.026467203682393557,
                0.01611047180667434,
                0.0023014959723820483,
                0.0023014959723820483,
                0.0023014959723820483,
                0.0023014959723820483,
                0.0011507479861910242,
                0.0011507479861910242,
                0.0011507479861910242,
                0.0011507479861910242,
                0.0011507479861910242,
                0.0011507479861910242,
                0.0011507479861910242,
                0.0011507479861910242
            ]
        }
    ],
    "concepts": [
        {
            "concept": 0,
            "text": "John Howard",
            "keyword": true,
            "count": 1,
            "link": null,
            "tags": [
                "gender::male",
                "meta::todo",
                "slot::keyword",
                "topic::none",
                "type::entity",
                "type::person"
            ]
        },
        {
            "concept": 1,
            "text": "Guinness",
            "keyword": true,
            "count": 3,
            "link": "Guinness",
            "tags": [
                "iptc::20000170",
                "slot::keyword",
                "topic::business",
                "type::entity",
                "type::misc",
                "type::product"
            ]
        },
        {
            "concept": 2,
            "text": "Gogarty",
            "keyword": false,
            "count": 1,
            "link": null,
            "tags": [
                "meta::todo",
                "topic::none",
                "type::entity",
                "type::person"
            ]
        }
    ],
    "relations": [],
    "frames": [
        {
            "type": "none",
            "slots": []
        }
    ],
    "iptc": [
        "10000000",
        "20000565",
        "20000568"
    ]
}