{
    "id": "DW_18481640",
    "tags": [
        "all",
        "train"
    ],
    "mentions": [
        {
            "begin": 0,
            "end": 17,
            "text": "Women's World Cup",
            "concept": 1,
            "candidates": [
                "FIFA_Women's_World_Cup",
                "1991_FIFA_Women's_World_Cup",
                "2009_Women's_Cricket_World_Cup",
                "Women's_Cricket_World_Cup",
                "2010_Women's_Hockey_World_Cup",
                "2015_FIFA_Women's_World_Cup",
                "2007_FIFA_Women's_World_Cup",
                "FIVB_Volleyball_Women's_World_Cup",
                "Table_Tennis_World_Cup",
                "1995_FIFA_Women's_World_Cup",
                "1999_FIFA_Women's_World_Cup",
                "2010_Women's_Rugby_World_Cup",
                "2011_UCI_Women's_Road_World_Cup",
                "1990_Women's_Hockey_World_Cup",
                "2002_Women's_Hockey_World_Cup",
                "FIBA_Women's_Basketball_World_Cup"
            ],
            "scores": [
                0.35323383084577115,
                0.11442786069651742,
                0.06965174129353234,
                0.06467661691542288,
                0.05970149253731343,
                0.04477611940298507,
                0.024875621890547265,
                0.024875621890547265,
                0.01990049751243781,
                0.014925373134328358,
                0.014925373134328358,
                0.009950248756218905,
                0.009950248756218905,
                0.009950248756218905,
                0.009950248756218905,
                0.009950248756218905
            ]
        },
        {
            "begin": 136,
            "end": 153,
            "text": "Claudia Wiesemann",
            "concept": 2,
            "candidates": [
                "Claudia_Wiesemann"
            ],
            "scores": [
                1.0
            ]
        },
        {
            "begin": 235,
            "end": 237,
            "text": "DW",
            "concept": 5,
            "candidates": [
                "Drum_Workshop",
                "Deutsche_Welle",
                "DW-TV",
                "Defender_(association_football)",
                "Dreamworld_(Australian_theme_park)",
                "Data_warehouse",
                "Delhi_Wizards",
                "D.W._Read",
                "DW",
                "Discworld"
            ],
            "scores": [
                0.6717557251908397,
                0.17557251908396945,
                0.03816793893129771,
                0.022900763358778626,
                0.022900763358778626,
                0.022900763358778626,
                0.015267175572519083,
                0.015267175572519083,
                0.007633587786259542,
                0.007633587786259542
            ]
        },
        {
            "begin": 243,
            "end": 278,
            "text": "German Women's National Soccer Team",
            "concept": 0,
            "candidates": [],
            "scores": []
        },
        {
            "begin": 387,
            "end": 404,
            "text": "Women's World Cup",
            "concept": 1,
            "candidates": [
                "FIFA_Women's_World_Cup",
                "1991_FIFA_Women's_World_Cup",
                "2009_Women's_Cricket_World_Cup",
                "Women's_Cricket_World_Cup",
                "2010_Women's_Hockey_World_Cup",
                "2015_FIFA_Women's_World_Cup",
                "2007_FIFA_Women's_World_Cup",
                "FIVB_Volleyball_Women's_World_Cup",
                "Table_Tennis_World_Cup",
                "1995_FIFA_Women's_World_Cup",
                "1999_FIFA_Women's_World_Cup",
                "2010_Women's_Rugby_World_Cup",
                "2011_UCI_Women's_Road_World_Cup",
                "1990_Women's_Hockey_World_Cup",
                "2002_Women's_Hockey_World_Cup",
                "FIBA_Women's_Basketball_World_Cup"
            ],
            "scores": [
                0.35323383084577115,
                0.11442786069651742,
                0.06965174129353234,
                0.06467661691542288,
                0.05970149253731343,
                0.04477611940298507,
                0.024875621890547265,
                0.024875621890547265,
                0.01990049751243781,
                0.014925373134328358,
                0.014925373134328358,
                0.009950248756218905,
                0.009950248756218905,
                0.009950248756218905,
                0.009950248756218905,
                0.009950248756218905
            ]
        },
        {
            "begin": 408,
            "end": 414,
            "text": "Canada",
            "concept": 6,
            "candidates": [
                "Canada",
                "Canada_men's_national_ice_hockey_team",
                "Canada_men's_national_soccer_team",
                "Canada_national_rugby_union_team",
                "Canada_national_cricket_team",
                "Canada_men's_national_junior_ice_hockey_team",
                "Canadian_poetry",
                "Canada_women's_national_soccer_team",
                "Canadian_Open_(tennis)",
                "RPM_(magazine)",
                "Canadian_Soccer_Association",
                "Canada_(New_France)",
                "A1_Team_Canada",
                "Music_Canada",
                "Same-sex_marriage_in_Canada",
                "Canada_men's_national_basketball_team"
            ],
            "scores": [
                0.8815481992085207,
                0.012095306316568221,
                0.009746703148302546,
                0.00735112791667156,
                0.006857921251335768,
                0.006634803950350529,
                0.003264558403889287,
                0.0030649271345867045,
                0.002759608722712167,
                0.002700893643505525,
                0.002254659041535047,
                0.0019375976138191811,
                0.0018436534870885542,
                0.0017027372969926136,
                0.0016557652336273002,
                0.0011625585682915086
            ]
        },
        {
            "begin": 527,
            "end": 544,
            "text": "Claudia Wiesemann",
            "concept": 2,
            "candidates": [
                "Claudia_Wiesemann"
            ],
            "scores": [
                1.0
            ]
        },
        {
            "begin": 1573,
            "end": 1604,
            "text": "International Olympic Committee",
            "concept": 3,
            "candidates": [
                "International_Olympic_Committee",
                "List_of_members_of_the_International_Olympic_Committee",
                "President_of_the_International_Olympic_Committee"
            ],
            "scores": [
                0.9988713318284425,
                0.0008465011286681715,
                0.0002821670428893905
            ]
        },
        {
            "begin": 1606,
            "end": 1609,
            "text": "IOC",
            "concept": 3,
            "candidates": [
                "International_Olympic_Committee",
                "International_Ornithologists'_Union",
                "List_of_IOC_country_codes",
                "Indian_Oil_Corporation",
                "Birds_of_the_World:_Recommended_English_Names",
                "Intergovernmental_Oceanographic_Commission",
                "Inversion_of_control",
                "Initial_operating_capability",
                "Korukkupet",
                "Iron_Ore_Company_of_Canada"
            ],