{
    "id": "DW_17592745",
    "tags": [
        "all",
        "test"
    ],
    "mentions": [
        {
            "begin": 7,
            "end": 16,
            "text": "Barcelona",
            "concept": 1,
            "candidates": [
                "Barcelona",
                "FC_Barcelona",
                "Province_of_Barcelona",
                "Barcelona_S.C.",
                "FC_Barcelona_Handbol",
                "FC_Barcelona_B\u00e0squet",
                "Barcelona_Open_(tennis)",
                "Circuit_de_Barcelona-Catalunya",
                "FC_Barcelona_Hoquei",
                "FC_Barcelona_Femen\u00ed",
                "CN_Barcelona",
                "Barcelona_(Congress_of_Deputies_constituency)",
                "Barcelona_(Parliament_of_Catalonia_constituency)",
                "Barcelona\u2013El_Prat_Airport",
                "Barcelona,_Venezuela",
                "House_of_Barcelona"
            ],
            "scores": [
                0.6385554188420738,
                0.21499118752286256,
                0.04376309401084101,
                0.017225898706394866,
                0.00781483821622161,
                0.00781483821622161,
                0.007016727079245785,
                0.006484652987928569,
                0.005420504805294137,
                0.004888430713976921,
                0.004389611253367031,
                0.0032256991786106214,
                0.0031259352864886434,
                0.0028598982408300356,
                0.0028266436101227095,
                0.0019952778424395597
            ]
        },
        {
            "begin": 17,
            "end": 22,
            "text": "coach",
            "concept": 2
        },
        {
            "begin": 23,
            "end": 36,
            "text": "Tito Vilanova",
            "concept": 0,
            "candidates": [
                "Tito_Vilanova"
            ],
            "scores": [
                1.0
            ]
        },
        {
            "begin": 69,
            "end": 78,
            "text": "Barcelona",
            "concept": 1,
            "candidates": [
                "Barcelona",
                "FC_Barcelona",
                "Province_of_Barcelona",
                "Barcelona_S.C.",
                "FC_Barcelona_Handbol",
                "FC_Barcelona_B\u00e0squet",
                "Barcelona_Open_(tennis)",
                "Circuit_de_Barcelona-Catalunya",
                "FC_Barcelona_Hoquei",
                "FC_Barcelona_Femen\u00ed",
                "CN_Barcelona",
                "Barcelona_(Congress_of_Deputies_constituency)",
                "Barcelona_(Parliament_of_Catalonia_constituency)",
                "Barcelona\u2013El_Prat_Airport",
                "Barcelona,_Venezuela",
                "House_of_Barcelona"
            ],
            "scores": [
                0.6385554188420738,
                0.21499118752286256,
                0.04376309401084101,
                0.017225898706394866,
                0.00781483821622161,
                0.00781483821622161,
                0.007016727079245785,
                0.006484652987928569,
                0.005420504805294137,
                0.004888430713976921,
                0.004389611253367031,
                0.0032256991786106214,
                0.0031259352864886434,
                0.0028598982408300356,
                0.0028266436101227095,
                0.0019952778424395597
            ]
        },
        {
            "begin": 79,
            "end": 84,
            "text": "coach",
            "concept": 2
        },
        {
            "begin": 85,
            "end": 98,
            "text": "Tito Vilanova",
            "concept": 0,
            "candidates": [
                "Tito_Vilanova"
            ],
            "scores": [
                1.0
            ]
        },
        {
            "begin": 206,
            "end": 213,
            "text": "Catalan",
            "concept": 3
        },
        {
            "begin": 304,
            "end": 310,
            "text": "Friday",
            "concept": 4
        },
        {
            "begin": 313,
            "end": 325,
            "text": "FC Barcelona",
            "concept": 1,
            "candidates": [
                "FC_Barcelona",
                "FC_Barcelona_B\u00e0squet",
                "FC_Barcelona_Handbol",
                "FC_Barcelona_Femen\u00ed",
                "FC_Barcelona_Ice_Hockey",
                "FC_Barcelona_Hoquei",
                "FC_Barcelona_Rugby",
                "FC_Barcelona_Futsal",
                "FC_Barcelona_(beach_soccer)",
                "FC_Barcelona_Voleibol",
                "FC_Barcelona_(youth)",
                "FC_Barcelona_B\u00e0squet_B"
            ],
            "scores": [
                0.5976833976833977,
                0.2689189189189189,
                0.046138996138996136,
                0.036293436293436294,
                0.018146718146718147,
                0.012162162162162163,
                0.011776061776061776,
                0.007335907335907336,
                0.0005791505791505791,
                0.0005791505791505791,
                0.00019305019305019305,
                0.00019305019305019305
            ]
        },
        {
            "begin": 350,
            "end": 363,
            "text": "Tito Vilanova",
            "concept": 0,
            "candidates": [
                "Tito_Vilanova"
            ],
            "scores": [
                1.0
            ]
        },
        {
            "begin": 434,
            "end": 442,
            "text": "Vilanova",
            "concept": 0,
            "candidates": [
                "CP_Vilanova",
                "CF_Vilanova",
                "Sandra_Vilanova",
                "Vilanova_i_la_Geltr\u00fa",
                "Vilanova"
            ],
            "scores": [
                0.6222222222222222,
                0.15555555555555556,
                0.1111111111111111,
                0.08888888888888889,
                0.022222222222222223
            ]
        },
        {
            "begin": 502,
            "end": 515,
            "text": "November 2011",
            "concept": 5
        },
        {
            "begin": 551,
            "end": 560,
            "text": "Barcelona",
            "concept": 1,
            "candidates": [
                "Barcelona",
                "FC_Barcelona",
                "Province_of_Barcelona",
                "Barcelona_S.C.",
                "FC_Barcelona_Handbol",
                "FC_Barcelona_B\u00e0squet",
                "Barcelona_Open_(tennis)",
                "Circuit_de_Barcelona-Catalunya",
                "FC_Barcelona_Hoquei",
                "FC_Barcelona_Femen\u00ed",
                "CN_Barcelona",
                "Barcelona_(Congress_of_Deputies_constituency)",
                "Barcelona_(Parliament_of_Catalonia_constituency)",
                "Barcelona\u2013El_Prat_Airport",
                "Barcelona,_Venezuela",
                "House_of_Barcelona"
            ],
            "scores": [
                0.6385554188420738,
                0.21499118752286256,
                0.04376309401084101,
                0.017225898706394866,
                0.00781483821622161,
                0.00781483821622161,
                0.007016727079245785,
                0.006484652987928569,
                0.005420504805294137,
                0.004888430713976921,
                0.004389611253367031,
                0.0032256991786106214,
                0.0031259352864886434,
                0.0028598982408300356,
                0.0028266436101227095,
                0.0019952778424395597
            ]
        },
        {
            "begin": 561,
            "end": 571,
            "text": "head coach",
            "concept": 6
        },
        {
            "begin": 572,
            "end": 585,
            "text": "Pep Guardiola",