{
    "id": "DW_18856622",
    "tags": [
        "all",
        "train"
    ],
    "mentions": [
        {
            "begin": 18,
            "end": 24,
            "text": "French",
            "concept": 2
        },
        {
            "begin": 40,
            "end": 45,
            "text": "Paris",
            "concept": 3,
            "candidates": [
                "Paris",
                "Paris_Masters",
                "Paris_(mythology)",
                "University_of_Paris",
                "Paris,_Texas",
                "Paris,_Ontario",
                "Paris,_Tennessee",
                "Paris_(rapper)",
                "Open_GDF_Suez",
                "Paris_FC",
                "Paris,_Kentucky",
                "Meeting_de_Paris",
                "Stade_Roland_Garros",
                "Paris_(The_Chainsmokers_song)",
                "AccorHotels_Arena",
                "Paris,_Illinois"
            ],
            "scores": [
                0.9405802339334998,
                0.007359705611775529,
                0.004501248521487712,
                0.002842029175975818,
                0.002825601261663819,
                0.0018070705743198844,
                0.0015606518596399002,
                0.0014292285451439086,
                0.0014128006308319096,
                0.0011828098304639244,
                0.0011828098304639244,
                0.0008871073728479432,
                0.0008378236299119464,
                0.0007885398869759495,
                0.0007721119726639506,
                0.0007228282297279537
            ]
        },
        {
            "begin": 79,
            "end": 85,
            "text": "French",
            "concept": 2
        },
        {
            "begin": 105,
            "end": 110,
            "text": "Paris",
            "concept": 3,
            "candidates": [
                "Paris",
                "Paris_Masters",
                "Paris_(mythology)",
                "University_of_Paris",
                "Paris,_Texas",
                "Paris,_Ontario",
                "Paris,_Tennessee",
                "Paris_(rapper)",
                "Open_GDF_Suez",
                "Paris_FC",
                "Paris,_Kentucky",
                "Meeting_de_Paris",
                "Stade_Roland_Garros",
                "Paris_(The_Chainsmokers_song)",
                "AccorHotels_Arena",
                "Paris,_Illinois"
            ],
            "scores": [
                0.9405802339334998,
                0.007359705611775529,
                0.004501248521487712,
                0.002842029175975818,
                0.002825601261663819,
                0.0018070705743198844,
                0.0015606518596399002,
                0.0014292285451439086,
                0.0014128006308319096,
                0.0011828098304639244,
                0.0011828098304639244,
                0.0008871073728479432,
                0.0008378236299119464,
                0.0007885398869759495,
                0.0007721119726639506,
                0.0007228282297279537
            ]
        },
        {
            "begin": 229,
            "end": 235,
            "text": "French",
            "concept": 2
        },
        {
            "begin": 236,
            "end": 246,
            "text": "TV program",
            "concept": 4
        },
        {
            "begin": 247,
            "end": 263,
            "text": "Le Petit Journal",
            "concept": 0,
            "candidates": [
                "Le_Petit_Journal_(newspaper)",
                "Le_Petit_Journal_(television_programme)",
                "Le_Petit_Journal_(website)"
            ],
            "scores": [
                0.956989247311828,
                0.03225806451612903,
                0.010752688172043012
            ]
        },
        {
            "begin": 285,
            "end": 301,
            "text": "Le Petit Journal",
            "concept": 0,
            "candidates": [
                "Le_Petit_Journal_(newspaper)",
                "Le_Petit_Journal_(television_programme)",
                "Le_Petit_Journal_(website)"
            ],
            "scores": [
                0.956989247311828,
                0.03225806451612903,
                0.010752688172043012
            ]
        },
        {
            "begin": 305,
            "end": 311,
            "text": "French",
            "concept": 2
        },
        {
            "begin": 312,
            "end": 336,
            "text": "cable television channel",
            "concept": 5
        },
        {
            "begin": 337,
            "end": 344,
            "text": "Canal +",
            "concept": 6,
            "candidates": [
                "Canal",
                "C_More_Entertainment",
                "Canalsat_Horizons",
                "Panama_Canal",
                "Canal_Plus",
                "Canal_Street_(Manhattan)",
                "CanalSat_Cara\u00efbes",
                "Canal_Street,_New_Orleans",
                "Canal_du_Midi",
                "Canal_(TV_provider)",
                "Canals_of_the_United_Kingdom",
                "Canal,_New_Brunswick",
                "Martian_canal",
                "Canal_(anatomy)",
                "Grand_Canal_(China)",
                "Esteban_Canal"
            ],
            "scores": [
                0.8387096774193549,
                0.020693852708460133,
                0.018259281801582473,
                0.018259281801582473,
                0.016433353621424222,
                0.00852099817407182,
                0.004869141813755326,
                0.004869141813755326,
                0.00426049908703591,
                0.00426049908703591,
                0.00426049908703591,
                0.0030432136335970784,
                0.002434570906877663,
                0.002434570906877663,
                0.0018259281801582471,
                0.0018259281801582471
            ]
        },
        {
            "begin": 354,
            "end": 360,
            "text": "French",
            "concept": 2
        },
        {
            "begin": 415,
            "end": 428,
            "text": "Islamic State",
            "concept": 1,
            "candidates": [
                "Islamic_State_of_Iraq_and_the_Levant",
                "Islamic_state",
                "Islamic_State_of_Iraq_and_the_Levant_\u2013_Sinai_Province",
                "Islamic_State_of_Iraq_and_the_Levant_\u2013_Khorasan_Province",
                "Islamic_republic",
                "Islamic_State_of_Iraq_and_the_Levant_in_Libya",
                "Islamic_State_of_Afghanistan",
                "Islamic_State_of_Iraq",
                "Caliphate",
                "Islamic_State_of_Iraq_and_the_Levant_\u2013_Caucasus_Province",
                "Islamism",
                "Islamic_state_(disambiguation)",
                "Al-Shabaab_(militant_group)",
                "South_Thailand_insurgency",
                "Azawad",
                "Salman_Ramadan_Abedi"
            ],
            "scores": [
                0.8963174830175188,
                0.07901322845906328,
                0.007508044333214158,
                0.005362888809438684,
                0.002860207365033965,
                0.001787629603146228,
                0.0014301036825169824,
                0.0010725777618877368,
                0.0010725777618877368,
                0.0007150518412584912,
                0.0007150518412584912,
                0.0003575259206292456,
                0.0003575259206292456,
                0.0003575259206292456,
                0.0003575259206292456,
                0.0003575259206292456
            ]
        },
        {
            "begin": 449,
            "end": 454,
            "text": "Paris",
            "concept": 3,