{
    "id": "DW_18721009",
    "tags": [
        "all",
        "train"
    ],
    "mentions": [
        {
            "begin": 1,
            "end": 9,
            "text": "Islamist",
            "concept": 1
        },
        {
            "begin": 24,
            "end": 30,
            "text": "Berlin",
            "concept": 0,
            "candidates": [
                "Berlin",
                "Humboldt_University_of_Berlin",
                "Berlin_(band)",
                "German_Open_(WTA)",
                "Berlin,_New_Hampshire",
                "Berlin_Hauptbahnhof",
                "Olympiastadion_(Berlin)",
                "Berlin,_Connecticut",
                "Berlin_International_Film_Festival",
                "Berlin,_Maryland",
                "Berlin_(Lou_Reed_album)",
                "Berlin,_New_Jersey",
                "Berlin,_Massachusetts",
                "Berlin,_Wisconsin",
                "East_Berlin",
                "Battle_of_Berlin"
            ],
            "scores": [
                0.908549969587179,
                0.02176500145452622,
                0.006717266548541507,
                0.005553645571628805,
                0.004839605426705101,
                0.004310686800835691,
                0.0030412820987491076,
                0.0026710390606405204,
                0.002591701266760109,
                0.002062782640890699,
                0.001428080289847407,
                0.0013222965646735249,
                0.0012429587707931135,
                0.0011371750456192315,
                0.001110729114325761,
                0.001110729114325761
            ]
        },
        {
            "begin": 86,
            "end": 91,
            "text": "Iraqi",
            "concept": 4
        },
        {
            "begin": 121,
            "end": 127,
            "text": "Berlin",
            "concept": 0,
            "candidates": [
                "Berlin",
                "Humboldt_University_of_Berlin",
                "Berlin_(band)",
                "German_Open_(WTA)",
                "Berlin,_New_Hampshire",
                "Berlin_Hauptbahnhof",
                "Olympiastadion_(Berlin)",
                "Berlin,_Connecticut",
                "Berlin_International_Film_Festival",
                "Berlin,_Maryland",
                "Berlin_(Lou_Reed_album)",
                "Berlin,_New_Jersey",
                "Berlin,_Massachusetts",
                "Berlin,_Wisconsin",
                "East_Berlin",
                "Battle_of_Berlin"
            ],
            "scores": [
                0.908549969587179,
                0.02176500145452622,
                0.006717266548541507,
                0.005553645571628805,
                0.004839605426705101,
                0.004310686800835691,
                0.0030412820987491076,
                0.0026710390606405204,
                0.002591701266760109,
                0.002062782640890699,
                0.001428080289847407,
                0.0013222965646735249,
                0.0012429587707931135,
                0.0011371750456192315,
                0.001110729114325761,
                0.001110729114325761
            ]
        },
        {
            "begin": 198,
            "end": 206,
            "text": "Islamist",
            "concept": 1
        },
        {
            "begin": 252,
            "end": 260,
            "text": "Thursday",
            "concept": 5
        },
        {
            "begin": 344,
            "end": 350,
            "text": "Berlin",
            "concept": 0,
            "candidates": [
                "Berlin",
                "Humboldt_University_of_Berlin",
                "Berlin_(band)",
                "German_Open_(WTA)",
                "Berlin,_New_Hampshire",
                "Berlin_Hauptbahnhof",
                "Olympiastadion_(Berlin)",
                "Berlin,_Connecticut",
                "Berlin_International_Film_Festival",
                "Berlin,_Maryland",
                "Berlin_(Lou_Reed_album)",
                "Berlin,_New_Jersey",
                "Berlin,_Massachusetts",
                "Berlin,_Wisconsin",
                "East_Berlin",
                "Battle_of_Berlin"
            ],
            "scores": [
                0.908549969587179,
                0.02176500145452622,
                0.006717266548541507,
                0.005553645571628805,
                0.004839605426705101,
                0.004310686800835691,
                0.0030412820987491076,
                0.0026710390606405204,
                0.002591701266760109,
                0.002062782640890699,
                0.001428080289847407,
                0.0013222965646735249,
                0.0012429587707931135,
                0.0011371750456192315,
                0.001110729114325761,
                0.001110729114325761
            ]
        },
        {
            "begin": 409,
            "end": 418,
            "text": "Stuttgart",
            "concept": 6,
            "candidates": [
                "Stuttgart",
                "VfB_Stuttgart",
                "Stuttgart_Hauptbahnhof",
                "Eurocard_Open",
                "Stuttgart_Open",
                "Stuttgart,_Arkansas",
                "Women's_Stuttgart_Open",
                "Stuttgart_Airport",
                "2014_Porsche_Tennis_Grand_Prix",
                "2013_Porsche_Tennis_Grand_Prix",
                "2015_Porsche_Tennis_Grand_Prix",
                "University_of_Stuttgart",
                "Stuttgart_(region)",
                "2008_Mercedes_Cup",
                "2016_Porsche_Tennis_Grand_Prix",
                "HTC\u2013Highroad"
            ],
            "scores": [
                0.8587419514611193,
                0.05973254086181278,
                0.022783556215948488,
                0.009113422486379396,
                0.008122833085685984,
                0.005745418524021793,
                0.004952947003467063,
                0.0016840019811788015,
                0.0015849430411094601,
                0.0014858841010401188,
                0.0014858841010401188,
                0.0013868251609707777,
                0.0012877662209014363,
                0.0010896483407627539,
                0.0009905894006934125,
                0.0008915304606240713
            ]
        },
        {
            "begin": 422,
            "end": 426,
            "text": "2008",
            "concept": 7
        },
        {
            "begin": 520,
            "end": 528,
            "text": "Thursday",
            "concept": 5
        },
        {
            "begin": 637,
            "end": 648,
            "text": "Heerstrasse",
            "concept": 2,
            "candidates": [
                "Heerstra\u00dfe_(Berlin)",
                "Berlin_Heerstra\u00dfe_station",
                "Heerstra\u00dfe"
            ],
            "scores": [
                0.6666666666666666,
                0.16666666666666666,
                0.16666666666666666
            ]
        },
        {
            "begin": 660,
            "end": 666,
            "text": "Berlin",
            "concept": 0,
            "candidates": [
                "Berlin",
                "Humboldt_University_of_Berlin",
                "Berlin_(band)",
                "German_Open_(WTA)",
                "Berlin,_New_Hampshire",
                "Berlin_Hauptbahnhof",
                "Olympiastadion_(Berlin)",
                "Berlin,_Connecticut",
                "Berlin_International_Film_Festival",
                "Berlin,_Maryland",
                "Berlin_(Lou_Reed_album)",
                "Berlin,_New_Jersey",
                "Berlin,_Massachusetts",
                "Berlin,_Wisconsin",
                "East_Berlin",
                "Battle_of_Berlin"
            ],