{
    "id": "DW_18377343",
    "tags": [
        "all",
        "train"
    ],
    "mentions": [
        {
            "begin": 0,
            "end": 5,
            "text": "China",
            "concept": 0,
            "candidates": [
                "China",
                "China_national_football_team",
                "Republic_of_China_(1912\u20131949)",
                "China_women's_national_football_team",
                "Qing_dynasty",
                "Chinese_Basketball_Association",
                "A1_Team_China",
                "Cinema_of_China",
                "China_men's_national_basketball_team",
                "History_of_China",
                "China_national_badminton_team",
                "Recognition_of_same-sex_unions_in_China",
                "Taiwan",
                "Chinese_Football_Association",
                "Porcelain",
                "China_national_baseball_team"
            ],
            "scores": [
                0.9217741155000069,
                0.007894482157917295,
                0.0049496052758921045,
                0.004244493909773397,
                0.004092411066100734,
                0.0025577569163129587,
                0.0022950683681510872,
                0.0019079484024388557,
                0.0017696912718273446,
                0.0016590855673381355,
                0.0014240484452985663,
                0.0014240484452985663,
                0.001285791314687055,
                0.0009954513404028813,
                0.0009124970620359745,
                0.0008848456359136723
            ]
        },
        {
            "begin": 32,
            "end": 39,
            "text": "Chinese",
            "concept": 4
        },
        {
            "begin": 243,
            "end": 248,
            "text": "China",
            "concept": 0,
            "candidates": [
                "China",
                "China_national_football_team",
                "Republic_of_China_(1912\u20131949)",
                "China_women's_national_football_team",
                "Qing_dynasty",
                "Chinese_Basketball_Association",
                "A1_Team_China",
                "Cinema_of_China",
                "China_men's_national_basketball_team",
                "History_of_China",
                "China_national_badminton_team",
                "Recognition_of_same-sex_unions_in_China",
                "Taiwan",
                "Chinese_Football_Association",
                "Porcelain",
                "China_national_baseball_team"
            ],
            "scores": [
                0.9217741155000069,
                0.007894482157917295,
                0.0049496052758921045,
                0.004244493909773397,
                0.004092411066100734,
                0.0025577569163129587,
                0.0022950683681510872,
                0.0019079484024388557,
                0.0017696912718273446,
                0.0016590855673381355,
                0.0014240484452985663,
                0.0014240484452985663,
                0.001285791314687055,
                0.0009954513404028813,
                0.0009124970620359745,
                0.0008848456359136723
            ]
        },
        {
            "begin": 300,
            "end": 305,
            "text": "March",
            "concept": 5
        },
        {
            "begin": 324,
            "end": 357,
            "text": "General Administration of Customs",
            "concept": 1,
            "candidates": [
                "General_Administration_of_Customs"
            ],
            "scores": [
                1.0
            ]
        },
        {
            "begin": 367,
            "end": 373,
            "text": "Monday",
            "concept": 6
        },
        {
            "begin": 655,
            "end": 662,
            "text": "Chinese",
            "concept": 4
        },
        {
            "begin": 767,
            "end": 772,
            "text": "Asian",
            "concept": 7
        },
        {
            "begin": 855,
            "end": 860,
            "text": "March",
            "concept": 5
        },
        {
            "begin": 929,
            "end": 937,
            "text": "May 2009",
            "concept": 8
        },
        {
            "begin": 1002,
            "end": 1007,
            "text": "China",
            "concept": 0,
            "candidates": [
                "China",
                "China_national_football_team",
                "Republic_of_China_(1912\u20131949)",
                "China_women's_national_football_team",
                "Qing_dynasty",
                "Chinese_Basketball_Association",
                "A1_Team_China",
                "Cinema_of_China",
                "China_men's_national_basketball_team",
                "History_of_China",
                "China_national_badminton_team",
                "Recognition_of_same-sex_unions_in_China",
                "Taiwan",
                "Chinese_Football_Association",
                "Porcelain",
                "China_national_baseball_team"
            ],
            "scores": [
                0.9217741155000069,
                0.007894482157917295,
                0.0049496052758921045,
                0.004244493909773397,
                0.004092411066100734,
                0.0025577569163129587,
                0.0022950683681510872,
                0.0019079484024388557,
                0.0017696912718273446,
                0.0016590855673381355,
                0.0014240484452985663,
                0.0014240484452985663,
                0.001285791314687055,
                0.0009954513404028813,
                0.0009124970620359745,
                0.0008848456359136723
            ]
        },
        {
            "begin": 1028,
            "end": 1031,
            "text": "RBS",
            "concept": 2,
            "candidates": [
                "Royal_Bank_of_Scotland",
                "Royal_Bank_of_Scotland_Group",
                "FC_Red_Bull_Salzburg",
                "Royal_British_Society_of_Sculptors",
                "RBS_TV",
                "GMA_Network",
                "Running_back",
                "Regionalverkehr_Bern-Solothurn",
                "Rutherford_backscattering_spectrometry",
                "Grupo_RBS",
                "EC_Red_Bull_Salzburg",
                "Radar_Bomb_Scoring",
                "Rugby\u2013Birmingham\u2013Stafford_line",
                "NatWest_Markets",
                "GMA_Network_(company)",
                "Chrysler_B_engine"
            ],
            "scores": [
                0.5133333333333333,
                0.18666666666666668,
                0.12666666666666668,
                0.03333333333333333,
                0.02,
                0.02,
                0.013333333333333334,
                0.013333333333333334,
                0.013333333333333334,
                0.013333333333333334,
                0.006666666666666667,
                0.006666666666666667,
                0.006666666666666667,
                0.006666666666666667,
                0.006666666666666667,
                0.006666666666666667
            ]
        },
        {
            "begin": 1032,
            "end": 1041,
            "text": "economist",
            "concept": 9
        },
        {
            "begin": 1042,
            "end": 1053,
            "text": "Louis Kuijs",
            "concept": 3,
            "candidates": [],
            "scores": []
        },
        {
            "begin": 1059,
            "end": 1066,
            "text": "Reuters",
            "concept": 10,
            "candidates": [
                "Reuters",
                "Reuters_Group",
                "Thomson_Reuters",
                "Paul_Reuter",
                "Reuter"
            ],