{
    "id": "DW_3996421",
    "tags": [
        "all",
        "test"
    ],
    "mentions": [
        {
            "begin": 3,
            "end": 11,
            "text": "Freiburg",
            "concept": 2,
            "candidates": [
                "Freiburg_im_Breisgau",
                "University_of_Freiburg",
                "SC_Freiburg",
                "Freiburg_Hauptbahnhof",
                "SC_Freiburg_(women)",
                "Roman_Catholic_Archdiocese_of_Freiburg",
                "Canton_of_Fribourg",
                "Freiburg_(region)",
                "Fribourg",
                "Freiburg_Open",
                "\u015awiebodzice",
                "Freiberg_University_of_Mining_and_Technology",
                "Freiburg,_Lower_Saxony",
                "University_of_Freiburg_Faculty_of_Biology",
                "Deutsch-Franz\u00f6sisches_Gymnasium_Freiburg_im_Breisgau",
                "Hochschule_f\u00fcr_Musik_Freiburg"
            ],
            "scores": [
                0.7367336424523442,
                0.12107161257083977,
                0.08552292632663576,
                0.0211231324059763,
                0.00463678516228748,
                0.004121586810922205,
                0.0036063884595569293,
                0.0036063884595569293,
                0.0030911901081916537,
                0.002575991756826378,
                0.0020607934054611026,
                0.0015455950540958269,
                0.0015455950540958269,
                0.0010303967027305513,
                0.0010303967027305513,
                0.0010303967027305513
            ]
        },
        {
            "begin": 26,
            "end": 41,
            "text": "Tonatiuh Ibarra",
            "concept": 1,
            "candidates": [],
            "scores": []
        },
        {
            "begin": 47,
            "end": 58,
            "text": "Mexico City",
            "concept": 3,
            "candidates": [
                "Mexico_City",
                "Mexico_City_International_Airport",
                "Aut\u00f3dromo_Hermanos_Rodr\u00edguez",
                "Mexican_Open_(tennis)",
                "Greater_Mexico_City",
                "1975_Pan_American_Games",
                "1955_Pan_American_Games",
                "Same-sex_marriage_in_Mexico_City",
                "1968_Summer_Olympics",
                "Gran_Premio_Tecate",
                "Battle_for_Mexico_City",
                "Roman_Catholic_Archdiocese_of_Mexico",
                "Mexico_City_(film)",
                "Foro_Sol",
                "1979_Summer_Universiade",
                "Mexico_City_Mexico_Temple"
            ],
            "scores": [
                0.9743107769423559,
                0.006015037593984963,
                0.002819548872180451,
                0.0014411027568922306,
                0.0013784461152882206,
                0.0012531328320802004,
                0.0011278195488721805,
                0.0011278195488721805,
                0.0010025062656641604,
                0.0008145363408521303,
                0.0008145363408521303,
                0.0005012531328320802,
                0.0004385964912280702,
                0.00037593984962406017,
                0.0003132832080200501,
                0.0003132832080200501
            ]
        },
        {
            "begin": 59,
            "end": 72,
            "text": "Federal State",
            "concept": 4
        },
        {
            "begin": 73,
            "end": 90,
            "text": "Baden-W\u00fcrttemberg",
            "concept": 5,
            "candidates": [
                "Baden-W\u00fcrttemberg",
                "Landtag_of_Baden-W\u00fcrttemberg",
                "Baden-W\u00fcrttemberg_state_election,_2011",
                "Baden-W\u00fcrttemberg_state_election,_2016",
                "Baden-W\u00fcrttemberg-class_frigate",
                "Oberliga_Baden-W\u00fcrttemberg",
                "List_of_mountains_and_hills_of_Baden-W\u00fcrttemberg",
                "Flag_of_Baden-W\u00fcrttemberg",
                "1986_Baden-W\u00fcrttemberg_motorcycle_Grand_Prix",
                "W\u00fcrttemberg"
            ],
            "scores": [
                0.9959402103709172,
                0.0011072153533862336,
                0.0007381435689241557,
                0.0005536076766931168,
                0.0005536076766931168,
                0.0003690717844620779,
                0.00018453589223103894,
                0.00018453589223103894,
                0.00018453589223103894,
                0.00018453589223103894
            ]
        },
        {
            "begin": 186,
            "end": 193,
            "text": "Germany",
            "concept": 0,
            "candidates": [
                "Germany",
                "Germany_national_football_team",
                "Nazi_Germany",
                "German_Empire",
                "Germany_women's_national_football_team",
                "Weimar_Republic",
                "German_Football_Association",
                "ISU_Junior_Grand_Prix_in_Germany",
                "GfK_Entertainment_Charts",
                "Germany_national_youth_football_team",
                "A1_Team_Germany",
                "Germany_national_rugby_union_team",
                "Kingdom_of_Germany",
                "German_literature",
                "Germany_men's_national_ice_hockey_team",
                "Same-sex_marriage_in_Germany"
            ],
            "scores": [
                0.8841501713834503,
                0.0200455826140014,
                0.011772517631857582,
                0.010686790014895106,
                0.00405577589146313,
                0.0039570733808301775,
                0.0036430199379071477,
                0.0035802092493225418,
                0.0019561043016348726,
                0.0017228074583206217,
                0.0015792401701272365,
                0.0013549162823250722,
                0.0013549162823250722,
                0.001211348994131687,
                0.0011575112610591677,
                0.001148538305547081
            ]
        },
        {
            "begin": 219,
            "end": 234,
            "text": "Tonatiuh Ibarra",
            "concept": 1,
            "candidates": [],
            "scores": []
        },
        {
            "begin": 240,
            "end": 246,
            "text": "Mexico",
            "concept": 6,
            "candidates": [
                "Mexico",
                "Mexico_national_football_team",
                "Mexican_Football_Federation",
                "Same-sex_marriage_in_Mexico",
                "State_of_Mexico",
                "A1_Team_Mexico",
                "Mexico_women's_national_football_team",
                "ISU_Junior_Grand_Prix_in_Mexico",
                "Mexico_City",
                "Mexico,_Missouri",
                "Mexico_national_baseball_team",
                "Acceleration_Team_Mexico",
                "Mexico_national_under-20_football_team",
                "Mexico_national_under-23_football_team",
                "Mexico_Davis_Cup_team",
                "Mexico_national_basketball_team"
            ],
            "scores": [
                0.8937068374960656,
                0.035714946955249856,
                0.006554220436577734,
                0.005980263279702283,
                0.005776601062746477,
                0.0031660217363129735,
                0.0026290940734294867,
                0.0022773138805058228,
                0.0016107829886504602,
                0.0015367240006665308,
                0.001351576530706708,
                0.0011479143137509025,
                0.0010368258317750088,
                0.0008331636148192035,
                0.0007591046268352743,
                0.0007591046268352743
            ]
        },
        {
            "begin": 286,
            "end": 300,
            "text": "German Studies",