{
    "id": "DW_35885572",
    "tags": [
        "all",
        "train"
    ],
    "mentions": [
        {
            "begin": 0,
            "end": 7,
            "text": "Gruyere",
            "concept": 5,
            "candidates": [
                "Gruy\u00e8re_cheese",
                "Gruy\u00e8re_District",
                "Gruyere,_Victoria",
                "Gruy\u00e8res"
            ],
            "scores": [
                0.5782312925170068,
                0.3469387755102041,
                0.047619047619047616,
                0.027210884353741496
            ]
        },
        {
            "begin": 18,
            "end": 29,
            "text": "Switzerland",
            "concept": 2,
            "candidates": [
                "Switzerland",
                "Switzerland_national_football_team",
                "Swiss_Football_Association",
                "A1_Team_Switzerland",
                "Switzerland_women's_national_football_team",
                "Switzerland_men's_national_ice_hockey_team",
                "Recognition_of_same-sex_unions_in_Switzerland",
                "Swiss_Hitparade",
                "Switzerland_national_under-21_football_team",
                "Switzerland_men's_national_junior_ice_hockey_team",
                "Switzerland_national_beach_soccer_team",
                "Switzerland_Fed_Cup_team",
                "Elections_in_Switzerland",
                "Switzerland_in_the_Eurovision_Song_Contest",
                "Switzerland_women's_national_ice_hockey_team",
                "Switzerland_Davis_Cup_team"
            ],
            "scores": [
                0.8911349122542365,
                0.03741137426459496,
                0.006059234675918942,
                0.005556393623975461,
                0.00417358073113089,
                0.0034696032584100164,
                0.002916478101272188,
                0.00286619399607784,
                0.002237642681148489,
                0.0019107959973852266,
                0.001483381103233268,
                0.0014079549454417458,
                0.0012571026298587016,
                0.0011565344194700055,
                0.0011313923668728315,
                0.0010811082616784835
            ]
        },
        {
            "begin": 32,
            "end": 51,
            "text": "Swiss Cheese Awards",
            "concept": 0,
            "candidates": [],
            "scores": []
        },
        {
            "begin": 237,
            "end": 256,
            "text": "Swiss Cheese Awards",
            "concept": 0,
            "candidates": [],
            "scores": []
        },
        {
            "begin": 355,
            "end": 366,
            "text": "Switzerland",
            "concept": 2,
            "candidates": [
                "Switzerland",
                "Switzerland_national_football_team",
                "Swiss_Football_Association",
                "A1_Team_Switzerland",
                "Switzerland_women's_national_football_team",
                "Switzerland_men's_national_ice_hockey_team",
                "Recognition_of_same-sex_unions_in_Switzerland",
                "Swiss_Hitparade",
                "Switzerland_national_under-21_football_team",
                "Switzerland_men's_national_junior_ice_hockey_team",
                "Switzerland_national_beach_soccer_team",
                "Switzerland_Fed_Cup_team",
                "Elections_in_Switzerland",
                "Switzerland_in_the_Eurovision_Song_Contest",
                "Switzerland_women's_national_ice_hockey_team",
                "Switzerland_Davis_Cup_team"
            ],
            "scores": [
                0.8911349122542365,
                0.03741137426459496,
                0.006059234675918942,
                0.005556393623975461,
                0.00417358073113089,
                0.0034696032584100164,
                0.002916478101272188,
                0.00286619399607784,
                0.002237642681148489,
                0.0019107959973852266,
                0.001483381103233268,
                0.0014079549454417458,
                0.0012571026298587016,
                0.0011565344194700055,
                0.0011313923668728315,
                0.0010811082616784835
            ]
        },
        {
            "begin": 551,
            "end": 556,
            "text": "Swiss",
            "concept": 6
        },
        {
            "begin": 770,
            "end": 783,
            "text": "Jacques Gygax",
            "concept": 1,
            "candidates": [],
            "scores": []
        },
        {
            "begin": 802,
            "end": 821,
            "text": "Swiss Cheese Awards",
            "concept": 0,
            "candidates": [],
            "scores": []
        },
        {
            "begin": 1131,
            "end": 1136,
            "text": "Swiss",
            "concept": 6
        },
        {
            "begin": 1179,
            "end": 1197,
            "text": "Jean-Claude Pittet",
            "concept": 3,
            "candidates": [],
            "scores": []
        },
        {
            "begin": 1240,
            "end": 1246,
            "text": "Pittet",
            "concept": 3,
            "candidates": [],
            "scores": []
        },
        {
            "begin": 1275,
            "end": 1279,
            "text": "Alps",
            "concept": 4,
            "candidates": [
                "Alps",
                "Swiss_Alps",
                "Alps_(film)",
                "Alps_Electric",
                "Geology_of_the_Alps",
                "Australian_Alps",
                "Australian_Labor_Party",
                "Alps,_Georgia",
                "French_Alps",
                "Slavic_settlement_of_the_Eastern_Alps",
                "2015_Formula_Renault_2.0_Alps_Series",
                "Amphipathic_lipid_packing_sensor_motifs",
                "Autoimmune_lymphoproliferative_syndrome",
                "Eastern_Alps",
                "Bavarian_Alps",
                "Central_Eastern_Alps"
            ],
            "scores": [
                0.9597523219814241,
                0.020344980097302078,
                0.005970809376382132,
                0.0019902697921273774,
                0.0015479876160990713,
                0.0011057054400707652,
                0.0008845643520566122,
                0.0006634232640424591,
                0.0006634232640424591,
                0.0004422821760283061,
                0.0004422821760283061,
                0.0004422821760283061,
                0.0004422821760283061,
                0.0004422821760283061,
                0.0004422821760283061,
                0.0004422821760283061
            ]
        },
        {
            "begin": 1307,
            "end": 1326,
            "text": "ls/ (Reuters, 1815)",
            "concept": 7
        }
    ],
    "concepts": [
        {
            "concept": 0,
            "text": "Swiss Cheese Awards",
            "keyword": true,
            "count": 3,
            "link": null,
            "tags": [
                "iptc::08000000",
                "iptc::20000498",
                "slot::keyword",
                "topic::human_interest",
                "type::award",
                "type::entity",
                "type::misc"
            ]
        },
        {
            "concept": 1,
            "text": "Jacques Gygax",
            "keyword": true,
            "count": 1,
            "link": null,
            "tags": [
                "gender::male",
                "meta::todo",
                "slot::keyword",
                "topic::none",
                "type::entity",
                "type::person"
            ]
        },
        {
            "concept": 2,
            "text": "Switzerland",
            "keyword": true,
            "count": 2,
            "link": "Switzerland",