{
    "id": "DW_3046336",
    "tags": [
        "all",
        "train"
    ],
    "mentions": [
        {
            "begin": 160,
            "end": 165,
            "text": "Hesse",
            "concept": 0,
            "candidates": [
                "Hesse",
                "Landgraviate_of_Hesse",
                "Grand_Duchy_of_Hesse",
                "House_of_Hesse",
                "People's_State_of_Hesse",
                "Electorate_of_Hesse",
                "Landgraviate_of_Hesse-Kassel",
                "Hermann_Hesse",
                "Hessian_Football_Association",
                "Hessian_Cup",
                "Hesse,_Moselle",
                "Landtag_of_Hesse",
                "Uwe_Hesse",
                "Hesse,_Victoria",
                "Province_of_Kurhessen",
                "Otto_Hesse"
            ],
            "scores": [
                0.9339847473784557,
                0.02001906577693041,
                0.013584366062917064,
                0.008579599618684462,
                0.005004766444232603,
                0.004051477597712107,
                0.002621544327931363,
                0.0023832221163012394,
                0.0011916110581506197,
                0.0011916110581506197,
                0.0011916110581506197,
                0.0011916110581506197,
                0.0007149666348903718,
                0.0007149666348903718,
                0.00047664442326024784,
                0.00047664442326024784
            ]
        },
        {
            "begin": 201,
            "end": 209,
            "text": "DW-WORLD",
            "concept": 1,
            "candidates": [],
            "scores": []
        },
        {
            "begin": 420,
            "end": 427,
            "text": "Germany",
            "concept": 2,
            "candidates": [
                "Germany",
                "Germany_national_football_team",
                "Nazi_Germany",
                "German_Empire",
                "Germany_women's_national_football_team",
                "Weimar_Republic",
                "German_Football_Association",
                "ISU_Junior_Grand_Prix_in_Germany",
                "GfK_Entertainment_Charts",
                "Germany_national_youth_football_team",
                "A1_Team_Germany",
                "Germany_national_rugby_union_team",
                "Kingdom_of_Germany",
                "German_literature",
                "Germany_men's_national_ice_hockey_team",
                "Same-sex_marriage_in_Germany"
            ],
            "scores": [
                0.8841501713834503,
                0.0200455826140014,
                0.011772517631857582,
                0.010686790014895106,
                0.00405577589146313,
                0.0039570733808301775,
                0.0036430199379071477,
                0.0035802092493225418,
                0.0019561043016348726,
                0.0017228074583206217,
                0.0015792401701272365,
                0.0013549162823250722,
                0.0013549162823250722,
                0.001211348994131687,
                0.0011575112610591677,
                0.001148538305547081
            ]
        },
        {
            "begin": 536,
            "end": 541,
            "text": "Hesse",
            "concept": 0,
            "candidates": [
                "Hesse",
                "Landgraviate_of_Hesse",
                "Grand_Duchy_of_Hesse",
                "House_of_Hesse",
                "People's_State_of_Hesse",
                "Electorate_of_Hesse",
                "Landgraviate_of_Hesse-Kassel",
                "Hermann_Hesse",
                "Hessian_Football_Association",
                "Hessian_Cup",
                "Hesse,_Moselle",
                "Landtag_of_Hesse",
                "Uwe_Hesse",
                "Hesse,_Victoria",
                "Province_of_Kurhessen",
                "Otto_Hesse"
            ],
            "scores": [
                0.9339847473784557,
                0.02001906577693041,
                0.013584366062917064,
                0.008579599618684462,
                0.005004766444232603,
                0.004051477597712107,
                0.002621544327931363,
                0.0023832221163012394,
                0.0011916110581506197,
                0.0011916110581506197,
                0.0011916110581506197,
                0.0011916110581506197,
                0.0007149666348903718,
                0.0007149666348903718,
                0.00047664442326024784,
                0.00047664442326024784
            ]
        },
        {
            "begin": 543,
            "end": 554,
            "text": "DW-WORLD.DE",
            "concept": 1,
            "candidates": [],
            "scores": []
        }
    ],
    "concepts": [
        {
            "concept": 0,
            "text": "Hesse",
            "keyword": true,
            "count": 2,
            "link": "Hesse",
            "tags": [
                "slot::in",
                "slot::keyword",
                "topic::none",
                "type::entity",
                "type::gpe",
                "type::gpe1",
                "type::location"
            ]
        },
        {
            "concept": 1,
            "text": "DW-WORLD.DE",
            "keyword": true,
            "count": 3,
            "link": null,
            "tags": [
                "meta::redo",
                "slot::keyword",
                "topic::media",
                "type::entity",
                "type::media",
                "type::organization"
            ]
        },
        {
            "concept": 2,
            "text": "Germany",
            "keyword": false,
            "count": 1,
            "link": "Germany",
            "tags": [
                "slot::in",
                "topic::none",
                "type::entity",
                "type::gpe",
                "type::gpe0",
                "type::location"
            ]
        }
    ],
    "relations": [
        {
            "s": 0,
            "p": "in0",
            "o": 2
        },
        {
            "s": 1,
            "p": "based_in0",
            "o": 2
        }
    ],
    "frames": [
        {
            "type": "none",
            "slots": []
        }
    ],
    "iptc": [
        "02000000",
        "14000000",
        "20000770",
        "20000771"
    ]
}