{
    "id": "DW_37377261",
    "tags": [
        "all",
        "train"
    ],
    "mentions": [
        {
            "begin": 12,
            "end": 26,
            "text": "Movie Magazine",
            "concept": 3,
            "candidates": [
                "Movie_Magazine",
                "Film_criticism"
            ],
            "scores": [
                0.9,
                0.1
            ]
        },
        {
            "begin": 29,
            "end": 39,
            "text": "05.02.2017",
            "concept": 4
        },
        {
            "begin": 67,
            "end": 73,
            "text": "Berlin",
            "concept": 5,
            "candidates": [
                "Berlin",
                "Humboldt_University_of_Berlin",
                "Berlin_(band)",
                "German_Open_(WTA)",
                "Berlin,_New_Hampshire",
                "Berlin_Hauptbahnhof",
                "Olympiastadion_(Berlin)",
                "Berlin,_Connecticut",
                "Berlin_International_Film_Festival",
                "Berlin,_Maryland",
                "Berlin_(Lou_Reed_album)",
                "Berlin,_New_Jersey",
                "Berlin,_Massachusetts",
                "Berlin,_Wisconsin",
                "East_Berlin",
                "Battle_of_Berlin"
            ],
            "scores": [
                0.908549969587179,
                0.02176500145452622,
                0.006717266548541507,
                0.005553645571628805,
                0.004839605426705101,
                0.004310686800835691,
                0.0030412820987491076,
                0.0026710390606405204,
                0.002591701266760109,
                0.002062782640890699,
                0.001428080289847407,
                0.0013222965646735249,
                0.0012429587707931135,
                0.0011371750456192315,
                0.001110729114325761,
                0.001110729114325761
            ]
        },
        {
            "begin": 67,
            "end": 101,
            "text": "Berlin International Film Festival",
            "concept": 1,
            "candidates": [
                "Berlin_International_Film_Festival",
                "47th_Berlin_International_Film_Festival",
                "64th_Berlin_International_Film_Festival",
                "62nd_Berlin_International_Film_Festival",
                "48th_Berlin_International_Film_Festival",
                "8th_Berlin_International_Film_Festival",
                "65th_Berlin_International_Film_Festival",
                "24th_Berlin_International_Film_Festival",
                "68th_Berlin_International_Film_Festival",
                "59th_Berlin_International_Film_Festival",
                "11th_Berlin_International_Film_Festival",
                "2nd_Berlin_International_Film_Festival",
                "55th_Berlin_International_Film_Festival",
                "46th_Berlin_International_Film_Festival",
                "40th_Berlin_International_Film_Festival",
                "1st_Berlin_International_Film_Festival"
            ],
            "scores": [
                0.9447887323943662,
                0.0033802816901408453,
                0.0028169014084507044,
                0.0028169014084507044,
                0.0028169014084507044,
                0.0028169014084507044,
                0.0022535211267605635,
                0.0022535211267605635,
                0.0016901408450704226,
                0.0016901408450704226,
                0.0016901408450704226,
                0.0016901408450704226,
                0.0016901408450704226,
                0.0016901408450704226,
                0.0016901408450704226,
                0.0016901408450704226
            ]
        },
        {
            "begin": 103,
            "end": 120,
            "text": "Festival director",
            "concept": 6
        },
        {
            "begin": 121,
            "end": 136,
            "text": "Dieter Kosslick",
            "concept": 2,
            "candidates": [
                "Dieter_Kosslick"
            ],
            "scores": [
                1.0
            ]
        },
        {
            "begin": 184,
            "end": 193,
            "text": "Berlinale",
            "concept": 1,
            "candidates": [
                "Berlin_International_Film_Festival",
                "37th_Berlin_International_Film_Festival",
                "63rd_Berlin_International_Film_Festival",
                "66th_Berlin_International_Film_Festival"
            ],
            "scores": [
                0.9880952380952381,
                0.003968253968253968,
                0.003968253968253968,
                0.003968253968253968
            ]
        }
    ],
    "concepts": [
        {
            "concept": 0,
            "keyword": true,
            "count": 0,
            "tags": []
        },
        {
            "concept": 1,
            "text": "Berlin International Film Festival",
            "keyword": true,
            "count": 2,
            "link": "Berlin_International_Film_Festival",
            "tags": [
                "iptc::01000000",
                "iptc::20000006",
                "slot::keyword",
                "topic::culture",
                "type::entity",
                "type::event",
                "type::filmfestival"
            ]
        },
        {
            "concept": 2,
            "text": "Dieter Kosslick",
            "keyword": true,
            "count": 2,
            "link": "Dieter_Kosslick",
            "tags": [
                "gender::male",
                "iptc::01000000",
                "slot::head",
                "slot::keyword",
                "topic::culture",
                "type::culture_per",
                "type::entity",
                "type::person"
            ]
        },
        {
            "concept": 3,
            "text": "Movie Magazine",
            "keyword": false,
            "count": 1,
            "link": null,
            "tags": [
                "topic::media",
                "type::entity",
                "type::media",
                "type::organization"
            ]
        },
        {
            "concept": 4,
            "text": "05.02.2017",
            "keyword": false,
            "count": 1,
            "tags": [
                "topic::none",
                "type::time",
                "type::value"
            ]
        },
        {
            "concept": 5,
            "text": "Berlin",
            "keyword": false,
            "count": 1,
            "link": "Berlin",
            "tags": [
                "topic::none",
                "type::entity",
                "type::gpe",
                "type::gpe2",
                "type::location"
            ]
        },
        {
            "concept": 6,
            "text": "Festival director",
            "keyword": false,
            "count": 1,
            "tags": [
                "topic::none",
                "type::role",
                "type::value"
            ]
        },
        {
            "concept": 7,
            "keyword": false,
            "count": 0,
            "link": "Germany",
            "tags": []
        }
    ],
    "relations": [
        {
            "s": 1,
            "p": "event_in0",
            "o": 7
        },
        {
            "s": 1,
            "p": "event_in2",
            "o": 5
        },
        {
            "s": 2,
            "p": "head_of",
            "o": 1
        },
        {
            "s": 2,
            "p": "member_of",
            "o": 1
        }
    ],
    "frames": [
        {
            "type": "none",
            "slots": [
                {
                    "name": "place",
                    "value": 5
                }
            ]
        }
    ],
    "iptc": [
        "01000000",
        "20000002",
        "20000006",
        "20001181"
    ]
}