{
    "id": "DW_4496616",
    "tags": [
        "all",
        "train"
    ],
    "mentions": [
        {
            "begin": 265,
            "end": 270,
            "text": "Earth",
            "concept": 1,
            "candidates": [
                "Earth",
                "Earth_(classical_element)",
                "Earth_(American_band)",
                "Earth_(1998_film)",
                "Earth_(Wu_Xing)",
                "Earth_science",
                "Earth_(2007_film)",
                "Soil",
                "Earth_(1930_film)",
                "Earth_(Noon_Universe)",
                "Earth_(Babylon_5)",
                "Embankment_dam",
                "Ground_(electricity)",
                "Earth_(Jefferson_Starship_album)",
                "Earth_in_science_fiction",
                "Earth_(Foundation_universe)"
            ],
            "scores": [
                0.8940390648719765,
                0.017103532031170935,
                0.016496306041898594,
                0.006477077218904969,
                0.005869851229632629,
                0.005768646898087238,
                0.004351786256451776,
                0.003440947272543265,
                0.0032385386094524846,
                0.0029349256148163143,
                0.0025301082886347538,
                0.0023276996255439733,
                0.002024086630907803,
                0.0019228822993624128,
                0.0019228822993624128,
                0.0018216779678170225
            ]
        },
        {
            "begin": 951,
            "end": 961,
            "text": "astronomer",
            "concept": 4
        },
        {
            "begin": 962,
            "end": 977,
            "text": "Galileo Galilei",
            "concept": 0,
            "candidates": [
                "Galileo_Galilei",
                "Galileo_Galilei_(band)",
                "Galileo_Galilei_(opera)",
                "Italian_submarine_Galileo_Galilei",
                "Life_of_Galileo",
                "Galileo_(1968_film)"
            ],
            "scores": [
                0.9520897043832823,
                0.02854230377166157,
                0.014271151885830785,
                0.0030581039755351682,
                0.0010193679918450561,
                0.0010193679918450561
            ]
        },
        {
            "begin": 1083,
            "end": 1088,
            "text": "Latin",
            "concept": 5,
            "candidates": [
                "Latin",
                "Latin_music",
                "Latin_poetry",
                "Latin_alphabet",
                "Latin_script",
                "Music_of_Latin_America",
                "Tatar_alphabet",
                "Medieval_Latin",
                "Latin_Church",
                "Latin_dance",
                "Latins_(Italic_tribe)",
                "Frankokratia",
                "Ecclesiastical_Latin",
                "Latin_literature",
                "Gaj's_Latin_alphabet",
                "Catholic_Church"
            ],
            "scores": [
                0.910515788438207,
                0.01478833983670525,
                0.011017477128897925,
                0.009115650719742926,
                0.006131750663999738,
                0.005935010000983704,
                0.005705479227464997,
                0.004328294586352756,
                0.004033183591828704,
                0.0025248385087057743,
                0.0023936780666950846,
                0.0016395055251336196,
                0.0015411351936256024,
                0.001409974751614913,
                0.0011804439780962062,
                0.0011148637570908614
            ]
        },
        {
            "begin": 1617,
            "end": 1622,
            "text": "Earth",
            "concept": 1,
            "candidates": [
                "Earth",
                "Earth_(classical_element)",
                "Earth_(American_band)",
                "Earth_(1998_film)",
                "Earth_(Wu_Xing)",
                "Earth_science",
                "Earth_(2007_film)",
                "Soil",
                "Earth_(1930_film)",
                "Earth_(Noon_Universe)",
                "Earth_(Babylon_5)",
                "Embankment_dam",
                "Ground_(electricity)",
                "Earth_(Jefferson_Starship_album)",
                "Earth_in_science_fiction",
                "Earth_(Foundation_universe)"
            ],
            "scores": [
                0.8940390648719765,
                0.017103532031170935,
                0.016496306041898594,
                0.006477077218904969,
                0.005869851229632629,
                0.005768646898087238,
                0.004351786256451776,
                0.003440947272543265,
                0.0032385386094524846,
                0.0029349256148163143,
                0.0025301082886347538,
                0.0023276996255439733,
                0.002024086630907803,
                0.0019228822993624128,
                0.0019228822993624128,
                0.0018216779678170225
            ]
        },
        {
            "begin": 2432,
            "end": 2438,
            "text": "Apollo",
            "concept": 2,
            "candidates": [
                "Apollo",
                "Apollo_program",
                "Apollo_asteroid",
                "Holden_Apollo",
                "Apollo_(ballet)",
                "Apollo_(comics)",
                "Apollo_(magazine)",
                "Ford_Verona",
                "Apollo_Theatre",
                "Apollo_(spacecraft)",
                "Apollo_Records_(1944)",
                "Apollo_Theater",
                "Apollo_(crater)",
                "Games_by_Apollo",
                "Buick_Apollo",
                "Apollo,_Pennsylvania"
            ],
            "scores": [
                0.5933929458519622,
                0.14654744162940883,
                0.04719324391455539,
                0.03154495777446597,
                0.025832091405861898,
                0.01167411823149528,
                0.010680576254346746,
                0.00819672131147541,
                0.007948335817188276,
                0.007699950322901143,
                0.007451564828614009,
                0.007451564828614009,
                0.007451564828614009,
                0.007203179334326876,
                0.0067064083457526085,
                0.006458022851465474
            ]
        },
        {
            "begin": 3291,
            "end": 3304,
            "text": "July 21, 1969",
            "concept": 6
        },
        {
            "begin": 3306,
            "end": 3320,
            "text": "Neil Armstrong",
            "concept": 3,
            "candidates": [
                "Neil_Armstrong",
                "Neil_Armstrong_(ice_hockey)",
                "RV_Neil_Armstrong_(AGOR-27)"
            ],
            "scores": [
                0.9862825788751715,
                0.012345679012345678,
                0.0013717421124828531
            ]
        },
        {
            "begin": 3394,
            "end": 3440,
            "text": "Author: Dirk H.Lorezen (ara) Editor: Neil King",
            "concept": 7
        }
    ],
    "concepts": [
        {
            "concept": 0,
            "text": "Galileo Galilei",
            "keyword": true,
            "count": 1,
            "link": "Galileo_Galilei",
            "tags": [
                "gender::male",
                "iptc::13000000",
                "slot::keyword",
                "topic::science",
                "type::entity",
                "type::person",
                "type::science_per"
            ]
        },
        {
            "concept": 1,
            "text": "Earth",
            "keyword": true,
            "count": 2,
            "link": "Earth",