{
    "id": "DW_41650973",
    "tags": [
        "all",
        "train"
    ],
    "mentions": [
        {
            "begin": 0,
            "end": 7,
            "text": "YouTube",
            "concept": 0,
            "candidates": [
                "YouTube",
                "Censorship_of_YouTube",
                "List_of_YouTubers",
                "YouTuber",
                "Social_impact_of_YouTube",
                "YouTube_Premium",
                "IBM_Cloud_Video"
            ],
            "scores": [
                0.9994316105720433,
                0.00020299622427022857,
                0.00012179773456213715,
                8.119848970809142e-05,
                8.119848970809142e-05,
                4.059924485404571e-05,
                4.059924485404571e-05
            ]
        },
        {
            "begin": 159,
            "end": 166,
            "text": "YouTube",
            "concept": 0,
            "candidates": [
                "YouTube",
                "Censorship_of_YouTube",
                "List_of_YouTubers",
                "YouTuber",
                "Social_impact_of_YouTube",
                "YouTube_Premium",
                "IBM_Cloud_Video"
            ],
            "scores": [
                0.9994316105720433,
                0.00020299622427022857,
                0.00012179773456213715,
                8.119848970809142e-05,
                8.119848970809142e-05,
                4.059924485404571e-05,
                4.059924485404571e-05
            ]
        },
        {
            "begin": 212,
            "end": 218,
            "text": "Google",
            "concept": 1,
            "candidates": [
                "Google",
                "Google_Search",
                "Google_(verb)",
                "Google_Translate",
                "Google_Nexus",
                "Alphabet_Inc.",
                "Google_Books",
                "Google_Chrome",
                "Google_Play",
                "Google_Search_Appliance",
                "Privacy_concerns_regarding_Google",
                "Google_Cloud_Platform",
                "Google_Maps",
                "Google_tax",
                "Google_Ad_Grants",
                "Google_plus"
            ],
            "scores": [
                0.9758986365514392,
                0.018317036220906212,
                0.001377220768489189,
                0.0004131662305467566,
                0.0004131662305467566,
                0.0002754441536978378,
                0.0002754441536978378,
                0.0002754441536978378,
                0.0002754441536978378,
                0.0001377220768489189,
                0.0001377220768489189,
                0.0001377220768489189,
                0.0001377220768489189,
                0.0001377220768489189,
                0.0001377220768489189,
                0.0001377220768489189
            ]
        },
        {
            "begin": 352,
            "end": 358,
            "text": "Google",
            "concept": 1,
            "candidates": [
                "Google",
                "Google_Search",
                "Google_(verb)",
                "Google_Translate",
                "Google_Nexus",
                "Alphabet_Inc.",
                "Google_Books",
                "Google_Chrome",
                "Google_Play",
                "Google_Search_Appliance",
                "Privacy_concerns_regarding_Google",
                "Google_Cloud_Platform",
                "Google_Maps",
                "Google_tax",
                "Google_Ad_Grants",
                "Google_plus"
            ],
            "scores": [
                0.9758986365514392,
                0.018317036220906212,
                0.001377220768489189,
                0.0004131662305467566,
                0.0004131662305467566,
                0.0002754441536978378,
                0.0002754441536978378,
                0.0002754441536978378,
                0.0002754441536978378,
                0.0001377220768489189,
                0.0001377220768489189,
                0.0001377220768489189,
                0.0001377220768489189,
                0.0001377220768489189,
                0.0001377220768489189,
                0.0001377220768489189
            ]
        },
        {
            "begin": 365,
            "end": 372,
            "text": "YouTube",
            "concept": 0,
            "candidates": [
                "YouTube",
                "Censorship_of_YouTube",
                "List_of_YouTubers",
                "YouTuber",
                "Social_impact_of_YouTube",
                "YouTube_Premium",
                "IBM_Cloud_Video"
            ],
            "scores": [
                0.9994316105720433,
                0.00020299622427022857,
                0.00012179773456213715,
                8.119848970809142e-05,
                8.119848970809142e-05,
                4.059924485404571e-05,
                4.059924485404571e-05
            ]
        },
        {
            "begin": 527,
            "end": 541,
            "text": "Susan Wojcicki",
            "concept": 2,
            "candidates": [
                "Susan_Wojcicki"
            ],
            "scores": [
                1.0
            ]
        },
        {
            "begin": 693,
            "end": 699,
            "text": "Google",
            "concept": 1,
            "candidates": [
                "Google",
                "Google_Search",
                "Google_(verb)",
                "Google_Translate",
                "Google_Nexus",
                "Alphabet_Inc.",
                "Google_Books",
                "Google_Chrome",
                "Google_Play",
                "Google_Search_Appliance",
                "Privacy_concerns_regarding_Google",
                "Google_Cloud_Platform",
                "Google_Maps",
                "Google_tax",
                "Google_Ad_Grants",
                "Google_plus"
            ],
            "scores": [
                0.9758986365514392,
                0.018317036220906212,
                0.001377220768489189,
                0.0004131662305467566,
                0.0004131662305467566,
                0.0002754441536978378,
                0.0002754441536978378,
                0.0002754441536978378,
                0.0002754441536978378,
                0.0001377220768489189,
                0.0001377220768489189,
                0.0001377220768489189,
                0.0001377220768489189,
                0.0001377220768489189,
                0.0001377220768489189,
                0.0001377220768489189
            ]
        },
        {
            "begin": 777,
            "end": 781,
            "text": "2018",
            "concept": 5
        },
        {
            "begin": 796,
            "end": 809,
            "text": "Angela Merkel",
            "concept": 3,
            "candidates": [
                "Angela_Merkel"
            ],
            "scores": [
                1.0
            ]
        },
        {
            "begin": 819,
            "end": 826,
            "text": "YouTube",
            "concept": 0,
            "candidates": [
                "YouTube",
                "Censorship_of_YouTube",
                "List_of_YouTubers",
                "YouTuber",
                "Social_impact_of_YouTube",
                "YouTube_Premium",
                "IBM_Cloud_Video"
            ],
            "scores": [
                0.9994316105720433,
                0.00020299622427022857,
                0.00012179773456213715,
                8.119848970809142e-05,
                8.119848970809142e-05,
                4.059924485404571e-05,
                4.059924485404571e-05
            ]
        },
        {
            "begin": 872,
            "end": 879,
            "text": "British",
            "concept": 6
        },
        {
            "begin": 880,
            "end": 895,