{
    "id": "DW_44058849",
    "tags": [
        "all",
        "train"
    ],
    "mentions": [
        {
            "begin": 0,
            "end": 7,
            "text": "Germany",
            "concept": 3,
            "candidates": [
                "Germany",
                "Germany_national_football_team",
                "Nazi_Germany",
                "German_Empire",
                "Germany_women's_national_football_team",
                "Weimar_Republic",
                "German_Football_Association",
                "ISU_Junior_Grand_Prix_in_Germany",
                "GfK_Entertainment_Charts",
                "Germany_national_youth_football_team",
                "A1_Team_Germany",
                "Germany_national_rugby_union_team",
                "Kingdom_of_Germany",
                "German_literature",
                "Germany_men's_national_ice_hockey_team",
                "Same-sex_marriage_in_Germany"
            ],
            "scores": [
                0.8841501713834503,
                0.0200455826140014,
                0.011772517631857582,
                0.010686790014895106,
                0.00405577589146313,
                0.0039570733808301775,
                0.0036430199379071477,
                0.0035802092493225418,
                0.0019561043016348726,
                0.0017228074583206217,
                0.0015792401701272365,
                0.0013549162823250722,
                0.0013549162823250722,
                0.001211348994131687,
                0.0011575112610591677,
                0.001148538305547081
            ]
        },
        {
            "begin": 46,
            "end": 55,
            "text": "Darmstadt",
            "concept": 0,
            "candidates": [
                "Darmstadt",
                "Darmstadt_Hauptbahnhof",
                "Darmstadt_(region)",
                "SV_Darmstadt_98",
                "Darmstadt_School",
                "Darmstadt,_Indiana",
                "Technische_Universit\u00e4t_Darmstadt",
                "Bombing_of_Darmstadt_in_World_War_II",
                "Darmstadt,_Illinois",
                "Darmstadt_(song)",
                "Hessian_State_Library",
                "Akaflieg_Darmstadt_D-17_Darmstadt",
                "Trams_in_Darmstadt",
                "Staatstheater_Darmstadt"
            ],
            "scores": [
                0.9134103019538188,
                0.02886323268206039,
                0.019094138543516874,
                0.014209591474245116,
                0.008880994671403197,
                0.007548845470692718,
                0.002220248667850799,
                0.0017761989342806395,
                0.0013321492007104796,
                0.0008880994671403197,
                0.0004440497335701599,
                0.0004440497335701599,
                0.0004440497335701599,
                0.0004440497335701599
            ]
        },
        {
            "begin": 144,
            "end": 151,
            "text": "Hessian",
            "concept": 4
        },
        {
            "begin": 160,
            "end": 169,
            "text": "Darmstadt",
            "concept": 0,
            "candidates": [
                "Darmstadt",
                "Darmstadt_Hauptbahnhof",
                "Darmstadt_(region)",
                "SV_Darmstadt_98",
                "Darmstadt_School",
                "Darmstadt,_Indiana",
                "Technische_Universit\u00e4t_Darmstadt",
                "Bombing_of_Darmstadt_in_World_War_II",
                "Darmstadt,_Illinois",
                "Darmstadt_(song)",
                "Hessian_State_Library",
                "Akaflieg_Darmstadt_D-17_Darmstadt",
                "Trams_in_Darmstadt",
                "Staatstheater_Darmstadt"
            ],
            "scores": [
                0.9134103019538188,
                0.02886323268206039,
                0.019094138543516874,
                0.014209591474245116,
                0.008880994671403197,
                0.007548845470692718,
                0.002220248667850799,
                0.0017761989342806395,
                0.0013321492007104796,
                0.0008880994671403197,
                0.0004440497335701599,
                0.0004440497335701599,
                0.0004440497335701599,
                0.0004440497335701599
            ]
        },
        {
            "begin": 242,
            "end": 248,
            "text": "German",
            "concept": 5
        },
        {
            "begin": 257,
            "end": 266,
            "text": "Darmstadt",
            "concept": 0,
            "candidates": [
                "Darmstadt",
                "Darmstadt_Hauptbahnhof",
                "Darmstadt_(region)",
                "SV_Darmstadt_98",
                "Darmstadt_School",
                "Darmstadt,_Indiana",
                "Technische_Universit\u00e4t_Darmstadt",
                "Bombing_of_Darmstadt_in_World_War_II",
                "Darmstadt,_Illinois",
                "Darmstadt_(song)",
                "Hessian_State_Library",
                "Akaflieg_Darmstadt_D-17_Darmstadt",
                "Trams_in_Darmstadt",
                "Staatstheater_Darmstadt"
            ],
            "scores": [
                0.9134103019538188,
                0.02886323268206039,
                0.019094138543516874,
                0.014209591474245116,
                0.008880994671403197,
                0.007548845470692718,
                0.002220248667850799,
                0.0017761989342806395,
                0.0013321492007104796,
                0.0008880994671403197,
                0.0004440497335701599,
                0.0004440497335701599,
                0.0004440497335701599,
                0.0004440497335701599
            ]
        },
        {
            "begin": 324,
            "end": 330,
            "text": "Sunday",
            "concept": 6
        },
        {
            "begin": 908,
            "end": 914,
            "text": "German",
            "concept": 5
        },
        {
            "begin": 1020,
            "end": 1025,
            "text": "Hesse",
            "concept": 7,
            "candidates": [
                "Hesse",
                "Landgraviate_of_Hesse",
                "Grand_Duchy_of_Hesse",
                "House_of_Hesse",
                "People's_State_of_Hesse",
                "Electorate_of_Hesse",
                "Landgraviate_of_Hesse-Kassel",
                "Hermann_Hesse",
                "Hessian_Football_Association",
                "Hessian_Cup",
                "Hesse,_Moselle",
                "Landtag_of_Hesse",
                "Uwe_Hesse",
                "Hesse,_Victoria",
                "Province_of_Kurhessen",
                "Otto_Hesse"
            ],
            "scores": [
                0.9339847473784557,
                0.02001906577693041,
                0.013584366062917064,
                0.008579599618684462,
                0.005004766444232603,
                0.004051477597712107,
                0.002621544327931363,
                0.0023832221163012394,
                0.0011916110581506197,
                0.0011916110581506197,
                0.0011916110581506197,
                0.0011916110581506197,
                0.0007149666348903718,
                0.0007149666348903718,
                0.00047664442326024784,
                0.00047664442326024784
            ]
        },
        {
            "begin": 1027,
            "end": 1038,
            "text": "Peter Beuth",
            "concept": 2,
            "candidates": [
                "Christian_Peter_Wilhelm_Beuth"
            ],
            "scores": [
                1.0
            ]
        },
        {
            "begin": 1284,
            "end": 1289,
            "text": "Beuth",
            "concept": 2,
            "candidates": [
                "Beuth"
            ],