{
    "id": "DW_5213425",
    "tags": [
        "all",
        "train"
    ],
    "mentions": [
        {
            "begin": 17,
            "end": 26,
            "text": "Indonesia",
            "concept": 0,
            "candidates": [
                "Indonesia",
                "Indonesia_national_football_team",
                "A1_Team_Indonesia",
                "Indonesia_national_badminton_team",
                "Indonesian_cuisine",
                "Football_Association_of_Indonesia",
                "Indonesia_at_the_2005_Southeast_Asian_Games",
                "Indonesia_Fed_Cup_team",
                "Indonesian_language",
                "Indonesia_Open_(badminton)",
                "Indonesian_Navy",
                "Football_in_Indonesia",
                "Dutch_East_Indies",
                "Energy_in_Indonesia",
                "Elections_in_Indonesia",
                "Indonesia_national_under-19_football_team"
            ],
            "scores": [
                0.9416329617572589,
                0.015060340008549538,
                0.00516260563611851,
                0.0036828779060208475,
                0.0025648613988359477,
                0.002170267337476571,
                0.0019729703067968827,
                0.0010193679918450561,
                0.0009864851533984414,
                0.0008220709611653678,
                0.0007234224458255237,
                0.000690539607378909,
                0.0006576567689322942,
                0.0005590082535924502,
                0.0005590082535924502,
                0.0005261254151458354
            ]
        },
        {
            "begin": 143,
            "end": 149,
            "text": "Maluku",
            "concept": 1,
            "candidates": [
                "Maluku_(province)",
                "Maluku_Islands",
                "Maluku,_Kinshasa",
                "2017_Liga_3_Maluku",
                "2014_Liga_Nusantara_Maluku",
                "Maluku_sectarian_conflict"
            ],
            "scores": [
                0.5752212389380531,
                0.4056047197640118,
                0.014749262536873156,
                0.0014749262536873156,
                0.0014749262536873156,
                0.0014749262536873156
            ]
        },
        {
            "begin": 219,
            "end": 234,
            "text": "Sulawesi Island",
            "concept": 4,
            "candidates": [
                "Sulawesi"
            ],
            "scores": [
                1.0
            ]
        },
        {
            "begin": 412,
            "end": 420,
            "text": "Sulawesi",
            "concept": 2,
            "candidates": [
                "Sulawesi",
                "Celebic_languages",
                "2008_Sulawesi_earthquake",
                "South_Peninsula,_Sulawesi",
                "List_of_rivers_of_Sulawesi",
                "Celebes_Sea",
                "Trans-Sulawesi_Railway"
            ],
            "scores": [
                0.9965905216501875,
                0.0013637913399249914,
                0.0006818956699624957,
                0.00034094783498124785,
                0.00034094783498124785,
                0.00034094783498124785,
                0.00034094783498124785
            ]
        },
        {
            "begin": 691,
            "end": 703,
            "text": "Aswi Nugroho",
            "concept": 5,
            "candidates": [],
            "scores": []
        },
        {
            "begin": 713,
            "end": 733,
            "text": "Indonesian Red Cross",
            "concept": 6,
            "candidates": [
                "Indonesian_Red_Cross_Society"
            ],
            "scores": [
                1.0
            ]
        },
        {
            "begin": 1616,
            "end": 1628,
            "text": "Aswi Nugroho",
            "concept": 5,
            "candidates": [],
            "scores": []
        },
        {
            "begin": 1862,
            "end": 1872,
            "text": "Peter Rees",
            "concept": 3,
            "candidates": [
                "Peter_Rees,_Baron_Rees",
                "Peter_Rees_(producer)",
                "Peter_Rees_(footballer)"
            ],
            "scores": [
                0.7586206896551724,
                0.13793103448275862,
                0.10344827586206896
            ]
        },
        {
            "begin": 1878,
            "end": 1887,
            "text": "Red Cross",
            "concept": 7,
            "candidates": [
                "International_Red_Cross_and_Red_Crescent_Movement",
                "American_Red_Cross",
                "International_Committee_of_the_Red_Cross",
                "British_Red_Cross",
                "Australian_Red_Cross",
                "International_Federation_of_Red_Cross_and_Red_Crescent_Societies",
                "Canadian_Red_Cross",
                "Emblems_of_the_International_Red_Cross_and_Red_Crescent_Movement",
                "German_Red_Cross",
                "Redd_Kross",
                "Red_Cross_(EP)",
                "Philippine_Red_Cross",
                "New_Zealand_Red_Cross",
                "Saint_George's_Cross",
                "List_of_Red_Cross_and_Red_Crescent_Societies",
                "Indian_Red_Cross_Society"
            ],
            "scores": [
                0.8822648292390654,
                0.039544637507489516,
                0.026063511084481725,
                0.007189934092270821,
                0.00689035350509287,
                0.005692031156381066,
                0.004194128220491312,
                0.0035949670461354103,
                0.0032953864589574597,
                0.002396644697423607,
                0.002097064110245656,
                0.0017974835230677051,
                0.0014979029358897543,
                0.0014979029358897543,
                0.0011983223487118035,
                0.0008987417615338526
            ]
        },
        {
            "begin": 1889,
            "end": 1914,
            "text": "Head of Disaster Response",
            "concept": 8
        },
        {
            "begin": 1924,
            "end": 1934,
            "text": "Australian",
            "concept": 9
        },
        {
            "begin": 2083,
            "end": 2087,
            "text": "2004",
            "concept": 10
        },
        {
            "begin": 2092,
            "end": 2096,
            "text": "2006",
            "concept": 11
        },
        {
            "begin": 2287,
            "end": 2291,
            "text": "Rees",
            "concept": 3,
            "candidates": [
                "Rees,_Germany",
                "Rees",
                "Tony_Rees",
                "Dai_Rees",
                "Rees_ministry",
                "Alan_Rees_(racing_driver)",
                "Rice_Rees",
                "Nathan_Rees",
                "Jason_Rees_(footballer)",
                "John_Rees_(civil_servant)",
                "Merlyn_Rees",
                "Hundred_of_Rees",
                "Matthew_Rees",
                "Tudor_Rees",
                "Rees_(disambiguation)",
                "Doug_Rees"
            ],
            "scores": [
                0.41134751773049644,
                0.12056737588652482,
                0.07092198581560284,
                0.05673758865248227,
                0.0425531914893617,
                0.028368794326241134,
                0.028368794326241134,
                0.028368794326241134,
                0.02127659574468085,
                0.02127659574468085,
                0.02127659574468085,
                0.014184397163120567,
                0.014184397163120567,
                0.014184397163120567,
                0.014184397163120567,
                0.0070921985815602835
            ]
        },
        {
            "begin": 2470,
            "end": 2486,