{
    "id": "DW_6522299",
    "tags": [
        "all",
        "train"
    ],
    "mentions": [
        {
            "begin": 0,
            "end": 6,
            "text": "Sicily",
            "concept": 0,
            "candidates": [
                "Sicily",
                "Kingdom_of_Sicily",
                "Allied_invasion_of_Sicily",
                "Sicilia_(Roman_province)",
                "Sicily_(theme)",
                "List_of_monarchs_of_Sicily",
                "Emirate_of_Sicily",
                "Magna_Graecia",
                "Napoleonic_Kingdom_of_Naples",
                "Kingdom_of_the_Two_Sicilies",
                "History_of_Sicily",
                "History_of_Islam_in_southern_Italy",
                "Eccellenza_Sicily",
                "Sicilian_cuisine",
                "Sicily_(actress)",
                "1997_Summer_Universiade"
            ],
            "scores": [
                0.9225647854143194,
                0.02519717300010243,
                0.022534057154563147,
                0.009935470654511933,
                0.002150978182935573,
                0.002150978182935573,
                0.0020485506504148315,
                0.0016388405203318652,
                0.0012291303902488989,
                0.0012291303902488989,
                0.0009218477926866742,
                0.000716992727645191,
                0.0005121376626037079,
                0.0005121376626037079,
                0.0005121376626037079,
                0.0004097101300829663
            ]
        },
        {
            "begin": 23,
            "end": 30,
            "text": "Palermo",
            "concept": 1,
            "candidates": [
                "Palermo",
                "U.S._Citt\u00e0_di_Palermo",
                "Palermo,_Buenos_Aires",
                "Province_of_Palermo",
                "Campionati_Internazionali_di_Sicilia",
                "Internazionali_Femminili_di_Palermo",
                "Metropolitan_City_of_Palermo",
                "Club_Atl\u00e9tico_Palermo",
                "Roman_Catholic_Archdiocese_of_Palermo",
                "Palermo,_California",
                "Palermo,_New_York",
                "Falcone_Borsellino_Airport",
                "Mart\u00edn_Palermo",
                "Palermo,_Maine",
                "Palermo_(film)",
                "University_of_Palermo"
            ],
            "scores": [
                0.5806542982580372,
                0.3107208610678374,
                0.02407590992777227,
                0.017561251947316243,
                0.016711513949865458,
                0.011896331964311004,
                0.004390312986829061,
                0.003540574989378275,
                0.002690836991927489,
                0.002407590992777227,
                0.001841098994476703,
                0.001841098994476703,
                0.001699475994901572,
                0.001699475994901572,
                0.001557852995326441,
                0.001557852995326441
            ]
        },
        {
            "begin": 35,
            "end": 47,
            "text": "Biagio Conte",
            "concept": 2,
            "candidates": [
                "Biagio_Conte"
            ],
            "scores": [
                1.0
            ]
        },
        {
            "begin": 95,
            "end": 101,
            "text": "Sicily",
            "concept": 0,
            "candidates": [
                "Sicily",
                "Kingdom_of_Sicily",
                "Allied_invasion_of_Sicily",
                "Sicilia_(Roman_province)",
                "Sicily_(theme)",
                "List_of_monarchs_of_Sicily",
                "Emirate_of_Sicily",
                "Magna_Graecia",
                "Napoleonic_Kingdom_of_Naples",
                "Kingdom_of_the_Two_Sicilies",
                "History_of_Sicily",
                "History_of_Islam_in_southern_Italy",
                "Eccellenza_Sicily",
                "Sicilian_cuisine",
                "Sicily_(actress)",
                "1997_Summer_Universiade"
            ],
            "scores": [
                0.9225647854143194,
                0.02519717300010243,
                0.022534057154563147,
                0.009935470654511933,
                0.002150978182935573,
                0.002150978182935573,
                0.0020485506504148315,
                0.0016388405203318652,
                0.0012291303902488989,
                0.0012291303902488989,
                0.0009218477926866742,
                0.000716992727645191,
                0.0005121376626037079,
                0.0005121376626037079,
                0.0005121376626037079,
                0.0004097101300829663
            ]
        },
        {
            "begin": 109,
            "end": 115,
            "text": "Europe",
            "concept": 3,
            "candidates": [
                "Europe",
                "UEFA",
                "Europe_(band)",
                "UEFA_competitions",
                "European_Athletic_Association",
                "European_theatre_of_World_War_II",
                "European_Union",
                "Europe_(dinghy)",
                "European_Cricket_Council",
                "UEFA_Champions_League",
                "Senior_League_World_Series_(Europe\u2013Africa_Region)",
                "Big_League_World_Series_(Europe\u2013Africa_Region)",
                "Sailing_at_the_2004_Summer_Olympics_\u2013_Europe",
                "Neolithic_Europe",
                "History_of_Europe",
                "Europe_(magazine)"
            ],
            "scores": [
                0.8408304498269896,
                0.10987312572087658,
                0.013771626297577855,
                0.00209919261822376,
                0.0015916955017301038,
                0.001568627450980392,
                0.0015224913494809689,
                0.001314878892733564,
                0.001245674740484429,
                0.0009919261822376008,
                0.0008073817762399078,
                0.000784313725490196,
                0.0007612456747404844,
                0.0006920415224913495,
                0.0005536332179930796,
                0.0005305651672433679
            ]
        },
        {
            "begin": 275,
            "end": 282,
            "text": "Palermo",
            "concept": 1,
            "candidates": [
                "Palermo",
                "U.S._Citt\u00e0_di_Palermo",
                "Palermo,_Buenos_Aires",
                "Province_of_Palermo",
                "Campionati_Internazionali_di_Sicilia",
                "Internazionali_Femminili_di_Palermo",
                "Metropolitan_City_of_Palermo",
                "Club_Atl\u00e9tico_Palermo",
                "Roman_Catholic_Archdiocese_of_Palermo",
                "Palermo,_California",
                "Palermo,_New_York",
                "Falcone_Borsellino_Airport",
                "Mart\u00edn_Palermo",
                "Palermo,_Maine",
                "Palermo_(film)",
                "University_of_Palermo"
            ],
            "scores": [
                0.5806542982580372,
                0.3107208610678374,
                0.02407590992777227,
                0.017561251947316243,
                0.016711513949865458,
                0.011896331964311004,
                0.004390312986829061,
                0.003540574989378275,
                0.002690836991927489,
                0.002407590992777227,
                0.001841098994476703,
                0.001841098994476703,
                0.001699475994901572,
                0.001699475994901572,
                0.001557852995326441,
                0.001557852995326441
            ]
        },
        {
            "begin": 412,
            "end": 419,
            "text": "Palermo",
            "concept": 1,