{
    "id": "DW_6544212",
    "tags": [
        "all",
        "test"
    ],
    "mentions": [
        {
            "begin": 7,
            "end": 29,
            "text": "2011 Women's World Cup",
            "concept": 0,
            "candidates": [
                "2011_FIFA_Women's_World_Cup",
                "Table_Tennis_World_Cup"
            ],
            "scores": [
                0.9523809523809523,
                0.047619047619047616
            ]
        },
        {
            "begin": 33,
            "end": 40,
            "text": "Germany",
            "concept": 1,
            "candidates": [
                "Germany",
                "Germany_national_football_team",
                "Nazi_Germany",
                "German_Empire",
                "Germany_women's_national_football_team",
                "Weimar_Republic",
                "German_Football_Association",
                "ISU_Junior_Grand_Prix_in_Germany",
                "GfK_Entertainment_Charts",
                "Germany_national_youth_football_team",
                "A1_Team_Germany",
                "Germany_national_rugby_union_team",
                "Kingdom_of_Germany",
                "German_literature",
                "Germany_men's_national_ice_hockey_team",
                "Same-sex_marriage_in_Germany"
            ],
            "scores": [
                0.8841501713834503,
                0.0200455826140014,
                0.011772517631857582,
                0.010686790014895106,
                0.00405577589146313,
                0.0039570733808301775,
                0.0036430199379071477,
                0.0035802092493225418,
                0.0019561043016348726,
                0.0017228074583206217,
                0.0015792401701272365,
                0.0013549162823250722,
                0.0013549162823250722,
                0.001211348994131687,
                0.0011575112610591677,
                0.001148538305547081
            ]
        },
        {
            "begin": 41,
            "end": 48,
            "text": "Germany",
            "concept": 1,
            "candidates": [
                "Germany",
                "Germany_national_football_team",
                "Nazi_Germany",
                "German_Empire",
                "Germany_women's_national_football_team",
                "Weimar_Republic",
                "German_Football_Association",
                "ISU_Junior_Grand_Prix_in_Germany",
                "GfK_Entertainment_Charts",
                "Germany_national_youth_football_team",
                "A1_Team_Germany",
                "Germany_national_rugby_union_team",
                "Kingdom_of_Germany",
                "German_literature",
                "Germany_men's_national_ice_hockey_team",
                "Same-sex_marriage_in_Germany"
            ],
            "scores": [
                0.8841501713834503,
                0.0200455826140014,
                0.011772517631857582,
                0.010686790014895106,
                0.00405577589146313,
                0.0039570733808301775,
                0.0036430199379071477,
                0.0035802092493225418,
                0.0019561043016348726,
                0.0017228074583206217,
                0.0015792401701272365,
                0.0013549162823250722,
                0.0013549162823250722,
                0.001211348994131687,
                0.0011575112610591677,
                0.001148538305547081
            ]
        },
        {
            "begin": 64,
            "end": 86,
            "text": "FIFA Women's World Cup",
            "concept": 0,
            "candidates": [
                "FIFA_Women's_World_Cup",
                "2011_FIFA_Women's_World_Cup",
                "2015_FIFA_Women's_World_Cup",
                "2007_FIFA_Women's_World_Cup",
                "1991_FIFA_Women's_World_Cup",
                "1999_FIFA_Women's_World_Cup",
                "FIFA_Women's_World_Cup_qualification"
            ],
            "scores": [
                0.9234782608695652,
                0.036521739130434785,
                0.020869565217391306,
                0.006956521739130435,
                0.006956521739130435,
                0.0034782608695652175,
                0.0017391304347826088
            ]
        },
        {
            "begin": 104,
            "end": 110,
            "text": "Berlin",
            "concept": 2,
            "candidates": [
                "Berlin",
                "Humboldt_University_of_Berlin",
                "Berlin_(band)",
                "German_Open_(WTA)",
                "Berlin,_New_Hampshire",
                "Berlin_Hauptbahnhof",
                "Olympiastadion_(Berlin)",
                "Berlin,_Connecticut",
                "Berlin_International_Film_Festival",
                "Berlin,_Maryland",
                "Berlin_(Lou_Reed_album)",
                "Berlin,_New_Jersey",
                "Berlin,_Massachusetts",
                "Berlin,_Wisconsin",
                "East_Berlin",
                "Battle_of_Berlin"
            ],
            "scores": [
                0.908549969587179,
                0.02176500145452622,
                0.006717266548541507,
                0.005553645571628805,
                0.004839605426705101,
                0.004310686800835691,
                0.0030412820987491076,
                0.0026710390606405204,
                0.002591701266760109,
                0.002062782640890699,
                0.001428080289847407,
                0.0013222965646735249,
                0.0012429587707931135,
                0.0011371750456192315,
                0.001110729114325761,
                0.001110729114325761
            ]
        },
        {
            "begin": 114,
            "end": 121,
            "text": "June 26",
            "concept": 3
        },
        {
            "begin": 246,
            "end": 260,
            "text": "Deutsche Welle",
            "concept": 4,
            "candidates": [
                "Deutsche_Welle",
                "Deutsche_Welle_GmbH",
                "DW-TV"
            ],
            "scores": [
                0.9953416149068323,
                0.003105590062111801,
                0.0015527950310559005
            ]
        },
        {
            "begin": 262,
            "end": 269,
            "text": "Germany",
            "concept": 1,
            "candidates": [
                "Germany",
                "Germany_national_football_team",
                "Nazi_Germany",
                "German_Empire",
                "Germany_women's_national_football_team",
                "Weimar_Republic",
                "German_Football_Association",
                "ISU_Junior_Grand_Prix_in_Germany",
                "GfK_Entertainment_Charts",
                "Germany_national_youth_football_team",
                "A1_Team_Germany",
                "Germany_national_rugby_union_team",
                "Kingdom_of_Germany",
                "German_literature",
                "Germany_men's_national_ice_hockey_team",
                "Same-sex_marriage_in_Germany"
            ],
            "scores": [
                0.8841501713834503,
                0.0200455826140014,
                0.011772517631857582,
                0.010686790014895106,
                0.00405577589146313,
                0.0039570733808301775,
                0.0036430199379071477,
                0.0035802092493225418,
                0.0019561043016348726,
                0.0017228074583206217,
                0.0015792401701272365,
                0.0013549162823250722,
                0.0013549162823250722,
                0.001211348994131687,
                0.0011575112610591677,
                0.001148538305547081
            ]
        },
        {
            "begin": 285,
            "end": 307,
            "text": "FIFA Women's World Cup",
            "concept": 0,