{
    "id": "DW_6629972",
    "tags": [
        "all",
        "train"
    ],
    "mentions": [
        {
            "begin": 18,
            "end": 35,
            "text": "Hans-Peter Keitel",
            "concept": 0,
            "candidates": [],
            "scores": []
        },
        {
            "begin": 37,
            "end": 68,
            "text": "Federation of German Industries",
            "concept": 1,
            "candidates": [
                "Bundesverband_der_Deutschen_Industrie"
            ],
            "scores": [
                1.0
            ]
        },
        {
            "begin": 103,
            "end": 110,
            "text": "Germany",
            "concept": 2,
            "candidates": [
                "Germany",
                "Germany_national_football_team",
                "Nazi_Germany",
                "German_Empire",
                "Germany_women's_national_football_team",
                "Weimar_Republic",
                "German_Football_Association",
                "ISU_Junior_Grand_Prix_in_Germany",
                "GfK_Entertainment_Charts",
                "Germany_national_youth_football_team",
                "A1_Team_Germany",
                "Germany_national_rugby_union_team",
                "Kingdom_of_Germany",
                "German_literature",
                "Germany_men's_national_ice_hockey_team",
                "Same-sex_marriage_in_Germany"
            ],
            "scores": [
                0.8841501713834503,
                0.0200455826140014,
                0.011772517631857582,
                0.010686790014895106,
                0.00405577589146313,
                0.0039570733808301775,
                0.0036430199379071477,
                0.0035802092493225418,
                0.0019561043016348726,
                0.0017228074583206217,
                0.0015792401701272365,
                0.0013549162823250722,
                0.0013549162823250722,
                0.001211348994131687,
                0.0011575112610591677,
                0.001148538305547081
            ]
        }
    ],
    "concepts": [
        {
            "concept": 0,
            "text": "Hans-Peter Keitel",
            "keyword": true,
            "count": 1,
            "link": "wikidata:Q1260687",
            "tags": [
                "gender::male",
                "iptc::20000170",
                "slot::interviewee",
                "slot::keyword",
                "topic::business",
                "type::business_per",
                "type::entity",
                "type::person"
            ]
        },
        {
            "concept": 1,
            "text": "Federation of German Industries",
            "keyword": true,
            "count": 1,
            "link": "Bundesverband_der_Deutschen_Industrie",
            "tags": [
                "iptc::20000170",
                "slot::keyword",
                "topic::business",
                "type::advocacy",
                "type::entity",
                "type::organization"
            ]
        },
        {
            "concept": 2,
            "text": "Germany",
            "keyword": true,
            "count": 1,
            "link": "Germany",
            "tags": [
                "slot::in",
                "slot::keyword",
                "topic::none",
                "type::entity",
                "type::gpe",
                "type::gpe0",
                "type::location"
            ]
        }
    ],
    "relations": [
        {
            "s": 0,
            "p": "citizen_of",
            "o": 2
        },
        {
            "s": 0,
            "p": "member_of",
            "o": 1
        },
        {
            "s": 1,
            "p": "based_in0",
            "o": 2
        }
    ],
    "frames": [
        {
            "type": "cpn-interview",
            "slots": [
                {
                    "name": "interviewee",
                    "value": 0
                }
            ]
        }
    ],
    "iptc": [
        "04000000",
        "20000344"
    ]
}