{
    "id": "DW_683007",
    "tags": [
        "all",
        "train"
    ],
    "mentions": [
        {
            "begin": 70,
            "end": 91,
            "text": "German Hygiene Museum",
            "concept": 0,
            "candidates": [
                "German_Hygiene_Museum"
            ],
            "scores": [
                1.0
            ]
        },
        {
            "begin": 95,
            "end": 102,
            "text": "Dresden",
            "concept": 1,
            "candidates": [
                "Dresden",
                "Dresden_Hauptbahnhof",
                "Battle_of_Dresden",
                "Bombing_of_Dresden_in_World_War_II",
                "Dresden,_Ontario",
                "Dresden,_Maine",
                "Dresden,_Ohio",
                "Dresden,_Tennessee",
                "Dresden,_Yates_County,_New_York",
                "Dresden_Jr._Kings",
                "Dresden_(2006_film)",
                "Dresden,_Washington_County,_New_York",
                "Bezirk_Dresden",
                "TU_Dresden",
                "Dresden_Airport",
                "Dresden,_Kansas"
            ],
            "scores": [
                0.9204050063282239,
                0.01603150049219519,
                0.007875123048797637,
                0.006187596681198144,
                0.005906342286598228,
                0.004921951905498523,
                0.004781324708198566,
                0.003656307129798903,
                0.002953171143299114,
                0.0025312895513992404,
                0.002390662354099283,
                0.0021094079594993673,
                0.001546899170299536,
                0.0012656447756996202,
                0.0012656447756996202,
                0.0012656447756996202
            ]
        },
        {
            "begin": 572,
            "end": 593,
            "text": "German Hygiene Museum",
            "concept": 0,
            "candidates": [
                "German_Hygiene_Museum"
            ],
            "scores": [
                1.0
            ]
        },
        {
            "begin": 597,
            "end": 604,
            "text": "Dresden",
            "concept": 1,
            "candidates": [
                "Dresden",
                "Dresden_Hauptbahnhof",
                "Battle_of_Dresden",
                "Bombing_of_Dresden_in_World_War_II",
                "Dresden,_Ontario",
                "Dresden,_Maine",
                "Dresden,_Ohio",
                "Dresden,_Tennessee",
                "Dresden,_Yates_County,_New_York",
                "Dresden_Jr._Kings",
                "Dresden_(2006_film)",
                "Dresden,_Washington_County,_New_York",
                "Bezirk_Dresden",
                "TU_Dresden",
                "Dresden_Airport",
                "Dresden,_Kansas"
            ],
            "scores": [
                0.9204050063282239,
                0.01603150049219519,
                0.007875123048797637,
                0.006187596681198144,
                0.005906342286598228,
                0.004921951905498523,
                0.004781324708198566,
                0.003656307129798903,
                0.002953171143299114,
                0.0025312895513992404,
                0.002390662354099283,
                0.0021094079594993673,
                0.001546899170299536,
                0.0012656447756996202,
                0.0012656447756996202,
                0.0012656447756996202
            ]
        },
        {
            "begin": 614,
            "end": 669,
            "text": "Man and Animals: Scenes from a Paradoxical Relationship",
            "concept": 2,
            "candidates": [],
            "scores": []
        },
        {
            "begin": 841,
            "end": 845,
            "text": "Adam",
            "concept": 4,
            "candidates": [
                "Adam",
                "Adam_and_Eve",
                "Adam_in_Islam",
                "Adam_(2009_film)",
                "Adam_(given_name)",
                "Adam_(Buffy_the_Vampire_Slayer)",
                "Charlie_Adam",
                "Adam_(1983_film)",
                "Adolphe_Adam",
                "Adam_style",
                "Opel_Adam",
                "Adam_Carrington",
                "Adam_Barton_(Emmerdale)",
                "ADAM_(protein)",
                "William_Adam_(malacologist)",
                "Adam_(Torchwood)"
            ],
            "scores": [
                0.5335260115606937,
                0.048554913294797684,
                0.03699421965317919,
                0.024277456647398842,
                0.021965317919075144,
                0.020809248554913295,
                0.01907514450867052,
                0.01676300578034682,
                0.012716763005780347,
                0.009826589595375723,
                0.008670520231213872,
                0.008092485549132947,
                0.006358381502890174,
                0.005780346820809248,
                0.005780346820809248,
                0.005780346820809248
            ]
        },
        {
            "begin": 850,
            "end": 853,
            "text": "Eve",
            "concept": 5,
            "candidates": [
                "Eve_(rapper)",
                "Eve",
                "Eve_(U.S._TV_series)",
                "Everton_F.C.",
                "Adam_and_Eve",
                "Everton_de_Vi\u00f1a_del_Mar",
                "Eve_Torres",
                "Eve_(The_Alan_Parsons_Project_album)",
                "Eve_(UK_TV_series)",
                "Eve_(South_Korean_band)",
                "List_of_Angel_characters",
                "Eve_(1968_film)",
                "Eve_(magazine)",
                "Eve_(The_X-Files)",
                "Eve_(Xena:_Warrior_Princess)",
                "Eve_(TV_channel)"
            ],
            "scores": [
                0.4302554027504912,
                0.23526522593320237,
                0.07269155206286837,
                0.06532416502946954,
                0.01719056974459725,
                0.01669941060903733,
                0.012770137524557957,
                0.011787819253438114,
                0.011296660117878193,
                0.009823182711198428,
                0.009332023575638507,
                0.009332023575638507,
                0.005893909626719057,
                0.0054027504911591355,
                0.0054027504911591355,
                0.004911591355599214
            ]
        },
        {
            "begin": 1072,
            "end": 1079,
            "text": "curator",
            "concept": 6
        },
        {
            "begin": 1080,
            "end": 1094,
            "text": "Jasdan Joerges",
            "concept": 3,
            "candidates": [],
            "scores": []
        },
        {
            "begin": 1548,
            "end": 1553,
            "text": "title",
            "concept": 7
        },
        {
            "begin": 1555,
            "end": 1570,
            "text": "Beloved Animals",
            "concept": 8,
            "candidates": [
                "Pet_cemetery"
            ],
            "scores": [
                1.0
            ]
        },
        {
            "begin": 1734,
            "end": 1742,
            "text": "European",
            "concept": 9
        },
        {
            "begin": 1871,
            "end": 1885,
            "text": "Hygiene Museum",
            "concept": 0,
            "candidates": [
                "German_Hygiene_Museum"
            ],
            "scores": [
                1.0
            ]
        },
        {
            "begin": 2062,
            "end": 2069,
            "text": "Joerges",
            "concept": 3,
            "candidates": [],
            "scores": []
        },
        {
            "begin": 2079,
            "end": 2091,
            "text": "billion euro",